Откуда;Куда;Вес, г
Архангельск;Саратов;1000
Архангельск;Липецк;1000
Архангельск;Оренбург;1000
Архангельск;Иркутск;1000
Брянск;Саратов;1000
Брянск;Липецк;1000
Брянск;Оренбург;1000
Брянск;Иркутск;1000
Владимир;Саратов;1000
Владимир;Липецк;1000
Владимир;Оренбург;1000
Владимир;Иркутск;1000
Вологда;Саратов;1000
Вологда;Липецк;1000
Вологда;Оренбург;1000
Вологда;Иркутск;1000
Череповец;Саратов;1000
Череповец;Липецк;1000
Череповец;Оренбург;1000
Череповец;Иркутск;1000
Зеленоград;Москва;1000
Зеленоград;Ярославль;1000
Зеленоград;Рязань;1000
Зеленоград;Санкт-Петербург;1000
Зеленоград;Казань;1000
Зеленоград;Нижний Новгород;1000
Зеленоград;Киров;1000
Зеленоград;Самара;1000
Зеленоград;Ростов-на-Дону;1000
Зеленоград;Волгоград;1000
Зеленоград;Воронеж;1000
Зеленоград;Краснодар;1000
Зеленоград;Саратов;1000
Зеленоград;Тольятти;1000
Зеленоград;Ижевск;1000
Зеленоград;Ульяновск;1000
Зеленоград;Астрахань;1000
Зеленоград;Набережные Челны;1000
Зеленоград;Пенза;1000
Зеленоград;Липецк;1000
Зеленоград;Екатеринбург;1000
Зеленоград;Челябинск;1000
Зеленоград;Уфа;1000
Зеленоград;Пермь;1000
Зеленоград;Тюмень;1000
Зеленоград;Махачкала;1000
Зеленоград;Оренбург;1000
Зеленоград;Новосибирск;1000
Зеленоград;Омск;1000
Зеленоград;Красноярск;1000
Зеленоград;Барнаул;1000
Зеленоград;Томск;1000
Зеленоград;Новокузнецк;1000
Зеленоград;Кемерово;1000
Зеленоград;Иркутск;1000
Зеленоград;Владивосток;1000
Зеленоград;Хабаровск;1000
Сланцы;Москва;1000
Сланцы;Ярославль;1000
Сланцы;Рязань;1000
Сланцы;Санкт-Петербург;1000
Сланцы;Казань;1000
Сланцы;Нижний Новгород;1000
Сланцы;Киров;1000
Сланцы;Самара;1000
Сланцы;Ростов-на-Дону;1000
Сланцы;Волгоград;1000
Сланцы;Воронеж;1000
Сланцы;Краснодар;1000
Сланцы;Саратов;1000
Сланцы;Тольятти;1000
Сланцы;Ижевск;1000
Сланцы;Ульяновск;1000
Сланцы;Астрахань;1000
Сланцы;Набережные Челны;1000
Сланцы;Пенза;1000
Сланцы;Липецк;1000
Сланцы;Екатеринбург;1000
Сланцы;Челябинск;1000
Сланцы;Уфа;1000
Сланцы;Пермь;1000
Сланцы;Тюмень;1000
Сланцы;Махачкала;1000
Сланцы;Оренбург;1000
Сланцы;Новосибирск;1000
Сланцы;Омск;1000
Сланцы;Красноярск;1000
Сланцы;Барнаул;1000
Сланцы;Томск;1000
Сланцы;Новокузнецк;1000
Сланцы;Кемерово;1000
Сланцы;Иркутск;1000
Сланцы;Владивосток;1000
Сланцы;Хабаровск;1000
Чита;Саратов;1000
Чита;Липецк;1000
Чита;Оренбург;1000
Чита;Иркутск;1000
Забайкальск;Москва;1000
Забайкальск;Ярославль;1000
Забайкальск;Рязань;1000
Забайкальск;Санкт-Петербург;1000
Забайкальск;Казань;1000
Забайкальск;Нижний Новгород;1000
Забайкальск;Киров;1000
Забайкальск;Самара;1000
Забайкальск;Ростов-на-Дону;1000
Забайкальск;Волгоград;1000
Забайкальск;Воронеж;1000
Забайкальск;Краснодар;1000
Забайкальск;Саратов;1000
Забайкальск;Тольятти;1000
Забайкальск;Ижевск;1000
Забайкальск;Ульяновск;1000
Забайкальск;Астрахань;1000
Забайкальск;Набережные Челны;1000
Забайкальск;Пенза;1000
Забайкальск;Липецк;1000
Забайкальск;Екатеринбург;1000
Забайкальск;Челябинск;1000
Забайкальск;Уфа;1000
Забайкальск;Пермь;1000
Забайкальск;Тюмень;1000
Забайкальск;Махачкала;1000
Забайкальск;Оренбург;1000
Забайкальск;Новосибирск;1000
Забайкальск;Омск;1000
Забайкальск;Красноярск;1000
Забайкальск;Барнаул;1000
Забайкальск;Томск;1000
Забайкальск;Новокузнецк;1000
Забайкальск;Кемерово;1000
Забайкальск;Иркутск;1000
Забайкальск;Владивосток;1000
Забайкальск;Хабаровск;1000
Иваново;Саратов;1000
Иваново;Липецк;1000
Иваново;Оренбург;1000
Иваново;Иркутск;1000
Калуга;Саратов;1000
Калуга;Липецк;1000
Калуга;Оренбург;1000
Калуга;Иркутск;1000
Железногорск;Саратов;1000
Железногорск;Липецк;1000
Железногорск;Оренбург;1000
Железногорск;Иркутск;1000
Жуковский;Москва;1000
Жуковский;Ярославль;1000
Жуковский;Рязань;1000
Жуковский;Санкт-Петербург;1000
Жуковский;Казань;1000
Жуковский;Нижний Новгород;1000
Жуковский;Киров;1000
Жуковский;Самара;1000
Жуковский;Ростов-на-Дону;1000
Жуковский;Волгоград;1000
Жуковский;Воронеж;1000
Жуковский;Краснодар;1000
Жуковский;Саратов;1000
Жуковский;Тольятти;1000
Жуковский;Ижевск;1000
Жуковский;Ульяновск;1000
Жуковский;Астрахань;1000
Жуковский;Набережные Челны;1000
Жуковский;Пенза;1000
Жуковский;Липецк;1000
Жуковский;Екатеринбург;1000
Жуковский;Челябинск;1000
Жуковский;Уфа;1000
Жуковский;Пермь;1000
Жуковский;Тюмень;1000
Жуковский;Махачкала;1000
Жуковский;Оренбург;1000
Жуковский;Новосибирск;1000
Жуковский;Омск;1000
Жуковский;Красноярск;1000
Жуковский;Барнаул;1000
Жуковский;Томск;1000
Жуковский;Новокузнецк;1000
Жуковский;Кемерово;1000
Жуковский;Иркутск;1000
Жуковский;Владивосток;1000
Жуковский;Хабаровск;1000
Протвино;Москва;1000
Протвино;Ярославль;1000
Протвино;Рязань;1000
Протвино;Санкт-Петербург;1000
Протвино;Казань;1000
Протвино;Нижний Новгород;1000
Протвино;Киров;1000
Протвино;Самара;1000
Протвино;Ростов-на-Дону;1000
Протвино;Волгоград;1000
Протвино;Воронеж;1000
Протвино;Краснодар;1000
Протвино;Саратов;1000
Протвино;Тольятти;1000
Протвино;Ижевск;1000
Протвино;Ульяновск;1000
Протвино;Астрахань;1000
Протвино;Набережные Челны;1000
Протвино;Пенза;1000
Протвино;Липецк;1000
Протвино;Екатеринбург;1000
Протвино;Челябинск;1000
Протвино;Уфа;1000
Протвино;Пермь;1000
Протвино;Тюмень;1000
Протвино;Махачкала;1000
Протвино;Оренбург;1000
Протвино;Новосибирск;1000
Протвино;Омск;1000
Протвино;Красноярск;1000
Протвино;Барнаул;1000
Протвино;Томск;1000
Протвино;Новокузнецк;1000
Протвино;Кемерово;1000
Протвино;Иркутск;1000
Протвино;Владивосток;1000
Протвино;Хабаровск;1000
Орел;Саратов;1000
Орел;Липецк;1000
Орел;Оренбург;1000
Орел;Иркутск;1000
Стерлитамак;Саратов;1000
Стерлитамак;Липецк;1000
Стерлитамак;Оренбург;1000
Стерлитамак;Иркутск;1000
Донецк;Москва;1000
Донецк;Ярославль;1000
Донецк;Рязань;1000
Донецк;Санкт-Петербург;1000
Донецк;Казань;1000
Донецк;Нижний Новгород;1000
Донецк;Киров;1000
Донецк;Самара;1000
Донецк;Ростов-на-Дону;1000
Донецк;Волгоград;1000
Донецк;Воронеж;1000
Донецк;Краснодар;1000
Донецк;Саратов;1000
Донецк;Тольятти;1000
Донецк;Ижевск;1000
Донецк;Ульяновск;1000
Донецк;Астрахань;1000
Донецк;Набережные Челны;1000
Донецк;Пенза;1000
Донецк;Липецк;1000
Донецк;Екатеринбург;1000
Донецк;Челябинск;1000
Донецк;Уфа;1000
Донецк;Пермь;1000
Донецк;Тюмень;1000
Донецк;Махачкала;1000
Донецк;Оренбург;1000
Донецк;Новосибирск;1000
Донецк;Омск;1000
Донецк;Красноярск;1000
Донецк;Барнаул;1000
Донецк;Томск;1000
Донецк;Новокузнецк;1000
Донецк;Кемерово;1000
Донецк;Иркутск;1000
Донецк;Владивосток;1000
Донецк;Хабаровск;1000
Энгельс;Москва;1000
Энгельс;Ярославль;1000
Энгельс;Рязань;1000
Энгельс;Санкт-Петербург;1000
Энгельс;Казань;1000
Энгельс;Нижний Новгород;1000
Энгельс;Киров;1000
Энгельс;Самара;1000
Энгельс;Ростов-на-Дону;1000
Энгельс;Волгоград;1000
Энгельс;Воронеж;1000
Энгельс;Краснодар;1000
Энгельс;Саратов;1000
Энгельс;Тольятти;1000
Энгельс;Ижевск;1000
Энгельс;Ульяновск;1000
Энгельс;Астрахань;1000
Энгельс;Набережные Челны;1000
Энгельс;Пенза;1000
Энгельс;Липецк;1000
Энгельс;Екатеринбург;1000
Энгельс;Челябинск;1000
Энгельс;Уфа;1000
Энгельс;Пермь;1000
Энгельс;Тюмень;1000
Энгельс;Махачкала;1000
Энгельс;Оренбург;1000
Энгельс;Новосибирск;1000
Энгельс;Омск;1000
Энгельс;Красноярск;1000
Энгельс;Барнаул;1000
Энгельс;Томск;1000
Энгельс;Новокузнецк;1000
Энгельс;Кемерово;1000
Энгельс;Иркутск;1000
Энгельс;Владивосток;1000
Энгельс;Хабаровск;1000
Балаково;Саратов;1000
Балаково;Липецк;1000
Балаково;Оренбург;1000
Балаково;Иркутск;1000
Смоленск;Саратов;1000
Смоленск;Липецк;1000
Смоленск;Оренбург;1000
Смоленск;Иркутск;1000
Чистополь;Москва;1000
Чистополь;Ярославль;1000
Чистополь;Рязань;1000
Чистополь;Санкт-Петербург;1000
Чистополь;Казань;1000
Чистополь;Нижний Новгород;1000
Чистополь;Киров;1000
Чистополь;Самара;1000
Чистополь;Ростов-на-Дону;1000
Чистополь;Волгоград;1000
Чистополь;Воронеж;1000
Чистополь;Краснодар;1000
Чистополь;Саратов;1000
Чистополь;Тольятти;1000
Чистополь;Ижевск;1000
Чистополь;Ульяновск;1000
Чистополь;Астрахань;1000
Чистополь;Набережные Челны;1000
Чистополь;Пенза;1000
Чистополь;Липецк;1000
Чистополь;Екатеринбург;1000
Чистополь;Челябинск;1000
Чистополь;Уфа;1000
Чистополь;Пермь;1000
Чистополь;Тюмень;1000
Чистополь;Махачкала;1000
Чистополь;Оренбург;1000
Чистополь;Новосибирск;1000
Чистополь;Омск;1000
Чистополь;Красноярск;1000
Чистополь;Барнаул;1000
Чистополь;Томск;1000
Чистополь;Новокузнецк;1000
Чистополь;Кемерово;1000
Чистополь;Иркутск;1000
Чистополь;Владивосток;1000
Чистополь;Хабаровск;1000
Тверь;Саратов;1000
Тверь;Липецк;1000
Тверь;Оренбург;1000
Тверь;Иркутск;1000
Тула;Саратов;1000
Тула;Липецк;1000
Тула;Оренбург;1000
Тула;Иркутск;1000
Новомоссковск;Москва;1000
Новомоссковск;Ярославль;1000
Новомоссковск;Рязань;1000
Новомоссковск;Санкт-Петербург;1000
Новомоссковск;Казань;1000
Новомоссковск;Нижний Новгород;1000
Новомоссковск;Киров;1000
Новомоссковск;Самара;1000
Новомоссковск;Ростов-на-Дону;1000
Новомоссковск;Волгоград;1000
Новомоссковск;Воронеж;1000
Новомоссковск;Краснодар;1000
Новомоссковск;Саратов;1000
Новомоссковск;Тольятти;1000
Новомоссковск;Ижевск;1000
Новомоссковск;Ульяновск;1000
Новомоссковск;Астрахань;1000
Новомоссковск;Набережные Челны;1000
Новомоссковск;Пенза;1000
Новомоссковск;Липецк;1000
Новомоссковск;Екатеринбург;1000
Новомоссковск;Челябинск;1000
Новомоссковск;Уфа;1000
Новомоссковск;Пермь;1000
Новомоссковск;Тюмень;1000
Новомоссковск;Махачкала;1000
Новомоссковск;Оренбург;1000
Новомоссковск;Новосибирск;1000
Новомоссковск;Омск;1000
Новомоссковск;Красноярск;1000
Новомоссковск;Барнаул;1000
Новомоссковск;Томск;1000
Новомоссковск;Новокузнецк;1000
Новомоссковск;Кемерово;1000
Новомоссковск;Иркутск;1000
Новомоссковск;Владивосток;1000
Новомоссковск;Хабаровск;1000
Димитровград;Саратов;1000
Димитровград;Липецк;1000
Димитровград;Оренбург;1000
Димитровград;Иркутск;1000
Троицк;Саратов;1000
Троицк;Липецк;1000
Троицк;Оренбург;1000
Троицк;Иркутск;1000
Чебоксары;Саратов;1000
Чебоксары;Липецк;1000
Чебоксары;Оренбург;1000
Чебоксары;Иркутск;1000
Корсаков;Москва;1000
Корсаков;Ярославль;1000
Корсаков;Рязань;1000
Корсаков;Санкт-Петербург;1000
Корсаков;Казань;1000
Корсаков;Нижний Новгород;1000
Корсаков;Киров;1000
Корсаков;Самара;1000
Корсаков;Ростов-на-Дону;1000
Корсаков;Волгоград;1000
Корсаков;Воронеж;1000
Корсаков;Краснодар;1000
Корсаков;Саратов;1000
Корсаков;Тольятти;1000
Корсаков;Ижевск;1000
Корсаков;Ульяновск;1000
Корсаков;Астрахань;1000
Корсаков;Набережные Челны;1000
Корсаков;Пенза;1000
Корсаков;Липецк;1000
Корсаков;Екатеринбург;1000
Корсаков;Челябинск;1000
Корсаков;Уфа;1000
Корсаков;Пермь;1000
Корсаков;Тюмень;1000
Корсаков;Махачкала;1000
Корсаков;Оренбург;1000
Корсаков;Новосибирск;1000
Корсаков;Омск;1000
Корсаков;Красноярск;1000
Корсаков;Барнаул;1000
Корсаков;Томск;1000
Корсаков;Новокузнецк;1000
Корсаков;Кемерово;1000
Корсаков;Иркутск;1000
Корсаков;Владивосток;1000
Корсаков;Хабаровск;1000
Благовещенск;Саратов;1000
Благовещенск;Липецк;1000
Благовещенск;Оренбург;1000
Благовещенск;Иркутск;1000
Архангельск;Саратов;3000
Архангельск;Липецк;3000
Архангельск;Оренбург;3000
Архангельск;Иркутск;3000
Брянск;Саратов;3000
Брянск;Липецк;3000
Брянск;Оренбург;3000
Брянск;Иркутск;3000
Владимир;Саратов;3000
Владимир;Липецк;3000
Владимир;Оренбург;3000
Владимир;Иркутск;3000
Вологда;Саратов;3000
Вологда;Липецк;3000
Вологда;Оренбург;3000
Вологда;Иркутск;3000
Череповец;Саратов;3000
Череповец;Липецк;3000
Череповец;Оренбург;3000
Череповец;Иркутск;3000
Зеленоград;Москва;3000
Зеленоград;Ярославль;3000
Зеленоград;Рязань;3000
Зеленоград;Санкт-Петербург;3000
Зеленоград;Казань;3000
Зеленоград;Нижний Новгород;3000
Зеленоград;Киров;3000
Зеленоград;Самара;3000
Зеленоград;Ростов-на-Дону;3000
Зеленоград;Волгоград;3000
Зеленоград;Воронеж;3000
Зеленоград;Краснодар;3000
Зеленоград;Саратов;3000
Зеленоград;Тольятти;3000
Зеленоград;Ижевск;3000
Зеленоград;Ульяновск;3000
Зеленоград;Астрахань;3000
Зеленоград;Набережные Челны;3000
Зеленоград;Пенза;3000
Зеленоград;Липецк;3000
Зеленоград;Екатеринбург;3000
Зеленоград;Челябинск;3000
Зеленоград;Уфа;3000
Зеленоград;Пермь;3000
Зеленоград;Тюмень;3000
Зеленоград;Махачкала;3000
Зеленоград;Оренбург;3000
Зеленоград;Новосибирск;3000
Зеленоград;Омск;3000
Зеленоград;Красноярск;3000
Зеленоград;Барнаул;3000
Зеленоград;Томск;3000
Зеленоград;Новокузнецк;3000
Зеленоград;Кемерово;3000
Зеленоград;Иркутск;3000
Зеленоград;Владивосток;3000
Зеленоград;Хабаровск;3000
Сланцы;Москва;3000
Сланцы;Ярославль;3000
Сланцы;Рязань;3000
Сланцы;Санкт-Петербург;3000
Сланцы;Казань;3000
Сланцы;Нижний Новгород;3000
Сланцы;Киров;3000
Сланцы;Самара;3000
Сланцы;Ростов-на-Дону;3000
Сланцы;Волгоград;3000
Сланцы;Воронеж;3000
Сланцы;Краснодар;3000
Сланцы;Саратов;3000
Сланцы;Тольятти;3000
Сланцы;Ижевск;3000
Сланцы;Ульяновск;3000
Сланцы;Астрахань;3000
Сланцы;Набережные Челны;3000
Сланцы;Пенза;3000
Сланцы;Липецк;3000
Сланцы;Екатеринбург;3000
Сланцы;Челябинск;3000
Сланцы;Уфа;3000
Сланцы;Пермь;3000
Сланцы;Тюмень;3000
Сланцы;Махачкала;3000
Сланцы;Оренбург;3000
Сланцы;Новосибирск;3000
Сланцы;Омск;3000
Сланцы;Красноярск;3000
Сланцы;Барнаул;3000
Сланцы;Томск;3000
Сланцы;Новокузнецк;3000
Сланцы;Кемерово;3000
Сланцы;Иркутск;3000
Сланцы;Владивосток;3000
Сланцы;Хабаровск;3000
Чита;Саратов;3000
Чита;Липецк;3000
Чита;Оренбург;3000
Чита;Иркутск;3000
Забайкальск;Москва;3000
Забайкальск;Ярославль;3000
Забайкальск;Рязань;3000
Забайкальск;Санкт-Петербург;3000
Забайкальск;Казань;3000
Забайкальск;Нижний Новгород;3000
Забайкальск;Киров;3000
Забайкальск;Самара;3000
Забайкальск;Ростов-на-Дону;3000
Забайкальск;Волгоград;3000
Забайкальск;Воронеж;3000
Забайкальск;Краснодар;3000
Забайкальск;Саратов;3000
Забайкальск;Тольятти;3000
Забайкальск;Ижевск;3000
Забайкальск;Ульяновск;3000
Забайкальск;Астрахань;3000
Забайкальск;Набережные Челны;3000
Забайкальск;Пенза;3000
Забайкальск;Липецк;3000
Забайкальск;Екатеринбург;3000
Забайкальск;Челябинск;3000
Забайкальск;Уфа;3000
Забайкальск;Пермь;3000
Забайкальск;Тюмень;3000
Забайкальск;Махачкала;3000
Забайкальск;Оренбург;3000
Забайкальск;Новосибирск;3000
Забайкальск;Омск;3000
Забайкальск;Красноярск;3000
Забайкальск;Барнаул;3000
Забайкальск;Томск;3000
Забайкальск;Новокузнецк;3000
Забайкальск;Кемерово;3000
Забайкальск;Иркутск;3000
Забайкальск;Владивосток;3000
Забайкальск;Хабаровск;3000
Иваново;Саратов;3000
Иваново;Липецк;3000
Иваново;Оренбург;3000
Иваново;Иркутск;3000
Калуга;Саратов;3000
Калуга;Липецк;3000
Калуга;Оренбург;3000
Калуга;Иркутск;3000
Железногорск;Саратов;3000
Железногорск;Липецк;3000
Железногорск;Оренбург;3000
Железногорск;Иркутск;3000
Жуковский;Москва;3000
Жуковский;Ярославль;3000
Жуковский;Рязань;3000
Жуковский;Санкт-Петербург;3000
Жуковский;Казань;3000
Жуковский;Нижний Новгород;3000
Жуковский;Киров;3000
Жуковский;Самара;3000
Жуковский;Ростов-на-Дону;3000
Жуковский;Волгоград;3000
Жуковский;Воронеж;3000
Жуковский;Краснодар;3000
Жуковский;Саратов;3000
Жуковский;Тольятти;3000
Жуковский;Ижевск;3000
Жуковский;Ульяновск;3000
Жуковский;Астрахань;3000
Жуковский;Набережные Челны;3000
Жуковский;Пенза;3000
Жуковский;Липецк;3000
Жуковский;Екатеринбург;3000
Жуковский;Челябинск;3000
Жуковский;Уфа;3000
Жуковский;Пермь;3000
Жуковский;Тюмень;3000
Жуковский;Махачкала;3000
Жуковский;Оренбург;3000
Жуковский;Новосибирск;3000
Жуковский;Омск;3000
Жуковский;Красноярск;3000
Жуковский;Барнаул;3000
Жуковский;Томск;3000
Жуковский;Новокузнецк;3000
Жуковский;Кемерово;3000
Жуковский;Иркутск;3000
Жуковский;Владивосток;3000
Жуковский;Хабаровск;3000
Протвино;Москва;3000
Протвино;Ярославль;3000
Протвино;Рязань;3000
Протвино;Санкт-Петербург;3000
Протвино;Казань;3000
Протвино;Нижний Новгород;3000
Протвино;Киров;3000
Протвино;Самара;3000
Протвино;Ростов-на-Дону;3000
Протвино;Волгоград;3000
Протвино;Воронеж;3000
Протвино;Краснодар;3000
Протвино;Саратов;3000
Протвино;Тольятти;3000
Протвино;Ижевск;3000
Протвино;Ульяновск;3000
Протвино;Астрахань;3000
Протвино;Набережные Челны;3000
Протвино;Пенза;3000
Протвино;Липецк;3000
Протвино;Екатеринбург;3000
Протвино;Челябинск;3000
Протвино;Уфа;3000
Протвино;Пермь;3000
Протвино;Тюмень;3000
Протвино;Махачкала;3000
Протвино;Оренбург;3000
Протвино;Новосибирск;3000
Протвино;Омск;3000
Протвино;Красноярск;3000
Протвино;Барнаул;3000
Протвино;Томск;3000
Протвино;Новокузнецк;3000
Протвино;Кемерово;3000
Протвино;Иркутск;3000
Протвино;Владивосток;3000
Протвино;Хабаровск;3000
Орел;Саратов;3000
Орел;Липецк;3000
Орел;Оренбург;3000
Орел;Иркутск;3000
Стерлитамак;Саратов;3000
Стерлитамак;Липецк;3000
Стерлитамак;Оренбург;3000
Стерлитамак;Иркутск;3000
Донецк;Москва;3000
Донецк;Ярославль;3000
Донецк;Рязань;3000
Донецк;Санкт-Петербург;3000
Донецк;Казань;3000
Донецк;Нижний Новгород;3000
Донецк;Киров;3000
Донецк;Самара;3000
Донецк;Ростов-на-Дону;3000
Донецк;Волгоград;3000
Донецк;Воронеж;3000
Донецк;Краснодар;3000
Донецк;Саратов;3000
Донецк;Тольятти;3000
Донецк;Ижевск;3000
Донецк;Ульяновск;3000
Донецк;Астрахань;3000
Донецк;Набережные Челны;3000
Донецк;Пенза;3000
Донецк;Липецк;3000
Донецк;Екатеринбург;3000
Донецк;Челябинск;3000
Донецк;Уфа;3000
Донецк;Пермь;3000
Донецк;Тюмень;3000
Донецк;Махачкала;3000
Донецк;Оренбург;3000
Донецк;Новосибирск;3000
Донецк;Омск;3000
Донецк;Красноярск;3000
Донецк;Барнаул;3000
Донецк;Томск;3000
Донецк;Новокузнецк;3000
Донецк;Кемерово;3000
Донецк;Иркутск;3000
Донецк;Владивосток;3000
Донецк;Хабаровск;3000
Энгельс;Москва;3000
Энгельс;Ярославль;3000
Энгельс;Рязань;3000
Энгельс;Санкт-Петербург;3000
Энгельс;Казань;3000
Энгельс;Нижний Новгород;3000
Энгельс;Киров;3000
Энгельс;Самара;3000
Энгельс;Ростов-на-Дону;3000
Энгельс;Волгоград;3000
Энгельс;Воронеж;3000
Энгельс;Краснодар;3000
Энгельс;Саратов;3000
Энгельс;Тольятти;3000
Энгельс;Ижевск;3000
Энгельс;Ульяновск;3000
Энгельс;Астрахань;3000
Энгельс;Набережные Челны;3000
Энгельс;Пенза;3000
Энгельс;Липецк;3000
Энгельс;Екатеринбург;3000
Энгельс;Челябинск;3000
Энгельс;Уфа;3000
Энгельс;Пермь;3000
Энгельс;Тюмень;3000
Энгельс;Махачкала;3000
Энгельс;Оренбург;3000
Энгельс;Новосибирск;3000
Энгельс;Омск;3000
Энгельс;Красноярск;3000
Энгельс;Барнаул;3000
Энгельс;Томск;3000
Энгельс;Новокузнецк;3000
Энгельс;Кемерово;3000
Энгельс;Иркутск;3000
Энгельс;Владивосток;3000
Энгельс;Хабаровск;3000
Балаково;Саратов;3000
Балаково;Липецк;3000
Балаково;Оренбург;3000
Балаково;Иркутск;3000
Смоленск;Саратов;3000
Смоленск;Липецк;3000
Смоленск;Оренбург;3000
Смоленск;Иркутск;3000
Чистополь;Москва;3000
Чистополь;Ярославль;3000
Чистополь;Рязань;3000
Чистополь;Санкт-Петербург;3000
Чистополь;Казань;3000
Чистополь;Нижний Новгород;3000
Чистополь;Киров;3000
Чистополь;Самара;3000
Чистополь;Ростов-на-Дону;3000
Чистополь;Волгоград;3000
Чистополь;Воронеж;3000
Чистополь;Краснодар;3000
Чистополь;Саратов;3000
Чистополь;Тольятти;3000
Чистополь;Ижевск;3000
Чистополь;Ульяновск;3000
Чистополь;Астрахань;3000
Чистополь;Набережные Челны;3000
Чистополь;Пенза;3000
Чистополь;Липецк;3000
Чистополь;Екатеринбург;3000
Чистополь;Челябинск;3000
Чистополь;Уфа;3000
Чистополь;Пермь;3000
Чистополь;Тюмень;3000
Чистополь;Махачкала;3000
Чистополь;Оренбург;3000
Чистополь;Новосибирск;3000
Чистополь;Омск;3000
Чистополь;Красноярск;3000
Чистополь;Барнаул;3000
Чистополь;Томск;3000
Чистополь;Новокузнецк;3000
Чистополь;Кемерово;3000
Чистополь;Иркутск;3000
Чистополь;Владивосток;3000
Чистополь;Хабаровск;3000
Тверь;Саратов;3000
Тверь;Липецк;3000
Тверь;Оренбург;3000
Тверь;Иркутск;3000
Тула;Саратов;3000
Тула;Липецк;3000
Тула;Оренбург;3000
Тула;Иркутск;3000
Новомоссковск;Москва;3000
Новомоссковск;Ярославль;3000
Новомоссковск;Рязань;3000
Новомоссковск;Санкт-Петербург;3000
Новомоссковск;Казань;3000
Новомоссковск;Нижний Новгород;3000
Новомоссковск;Киров;3000
Новомоссковск;Самара;3000
Новомоссковск;Ростов-на-Дону;3000
Новомоссковск;Волгоград;3000
Новомоссковск;Воронеж;3000
Новомоссковск;Краснодар;3000
Новомоссковск;Саратов;3000
Новомоссковск;Тольятти;3000
Новомоссковск;Ижевск;3000
Новомоссковск;Ульяновск;3000
Новомоссковск;Астрахань;3000
Новомоссковск;Набережные Челны;3000
Новомоссковск;Пенза;3000
Новомоссковск;Липецк;3000
Новомоссковск;Екатеринбург;3000
Новомоссковск;Челябинск;3000
Новомоссковск;Уфа;3000
Новомоссковск;Пермь;3000
Новомоссковск;Тюмень;3000
Новомоссковск;Махачкала;3000
Новомоссковск;Оренбург;3000
Новомоссковск;Новосибирск;3000
Новомоссковск;Омск;3000
Новомоссковск;Красноярск;3000
Новомоссковск;Барнаул;3000
Новомоссковск;Томск;3000
Новомоссковск;Новокузнецк;3000
Новомоссковск;Кемерово;3000
Новомоссковск;Иркутск;3000
Новомоссковск;Владивосток;3000
Новомоссковск;Хабаровск;3000
Димитровград;Саратов;3000
Димитровград;Липецк;3000
Димитровград;Оренбург;3000
Димитровград;Иркутск;3000
Троицк;Саратов;3000
Троицк;Липецк;3000
Троицк;Оренбург;3000
Троицк;Иркутск;3000
Чебоксары;Саратов;3000
Чебоксары;Липецк;3000
Чебоксары;Оренбург;3000
Чебоксары;Иркутск;3000
Корсаков;Москва;3000
Корсаков;Ярославль;3000
Корсаков;Рязань;3000
Корсаков;Санкт-Петербург;3000
Корсаков;Казань;3000
Корсаков;Нижний Новгород;3000
Корсаков;Киров;3000
Корсаков;Самара;3000
Корсаков;Ростов-на-Дону;3000
Корсаков;Волгоград;3000
Корсаков;Воронеж;3000
Корсаков;Краснодар;3000
Корсаков;Саратов;3000
Корсаков;Тольятти;3000
Корсаков;Ижевск;3000
Корсаков;Ульяновск;3000
Корсаков;Астрахань;3000
Корсаков;Набережные Челны;3000
Корсаков;Пенза;3000
Корсаков;Липецк;3000
Корсаков;Екатеринбург;3000
Корсаков;Челябинск;3000
Корсаков;Уфа;3000
Корсаков;Пермь;3000
Корсаков;Тюмень;3000
Корсаков;Махачкала;3000
Корсаков;Оренбург;3000
Корсаков;Новосибирск;3000
Корсаков;Омск;3000
Корсаков;Красноярск;3000
Корсаков;Барнаул;3000
Корсаков;Томск;3000
Корсаков;Новокузнецк;3000
Корсаков;Кемерово;3000
Корсаков;Иркутск;3000
Корсаков;Владивосток;3000
Корсаков;Хабаровск;3000
Благовещенск;Саратов;3000
Благовещенск;Липецк;3000
Благовещенск;Оренбург;3000
Благовещенск;Иркутск;3000
Архангельск;Саратов;5000
Архангельск;Липецк;5000
Архангельск;Оренбург;5000
Архангельск;Иркутск;5000
Брянск;Саратов;5000
Брянск;Липецк;5000
Брянск;Оренбург;5000
Брянск;Иркутск;5000
Владимир;Саратов;5000
Владимир;Липецк;5000
Владимир;Оренбург;5000
Владимир;Иркутск;5000
Вологда;Саратов;5000
Вологда;Липецк;5000
Вологда;Оренбург;5000
Вологда;Иркутск;5000
Череповец;Саратов;5000
Череповец;Липецк;5000
Череповец;Оренбург;5000
Череповец;Иркутск;5000
Зеленоград;Москва;5000
Зеленоград;Ярославль;5000
Зеленоград;Рязань;5000
Зеленоград;Санкт-Петербург;5000
Зеленоград;Казань;5000
Зеленоград;Нижний Новгород;5000
Зеленоград;Киров;5000
Зеленоград;Самара;5000
Зеленоград;Ростов-на-Дону;5000
Зеленоград;Волгоград;5000
Зеленоград;Воронеж;5000
Зеленоград;Краснодар;5000
Зеленоград;Саратов;5000
Зеленоград;Тольятти;5000
Зеленоград;Ижевск;5000
Зеленоград;Ульяновск;5000
Зеленоград;Астрахань;5000
Зеленоград;Набережные Челны;5000
Зеленоград;Пенза;5000
Зеленоград;Липецк;5000
Зеленоград;Екатеринбург;5000
Зеленоград;Челябинск;5000
Зеленоград;Уфа;5000
Зеленоград;Пермь;5000
Зеленоград;Тюмень;5000
Зеленоград;Махачкала;5000
Зеленоград;Оренбург;5000
Зеленоград;Новосибирск;5000
Зеленоград;Омск;5000
Зеленоград;Красноярск;5000
Зеленоград;Барнаул;5000
Зеленоград;Томск;5000
Зеленоград;Новокузнецк;5000
Зеленоград;Кемерово;5000
Зеленоград;Иркутск;5000
Зеленоград;Владивосток;5000
Зеленоград;Хабаровск;5000
Сланцы;Москва;5000
Сланцы;Ярославль;5000
Сланцы;Рязань;5000
Сланцы;Санкт-Петербург;5000
Сланцы;Казань;5000
Сланцы;Нижний Новгород;5000
Сланцы;Киров;5000
Сланцы;Самара;5000
Сланцы;Ростов-на-Дону;5000
Сланцы;Волгоград;5000
Сланцы;Воронеж;5000
Сланцы;Краснодар;5000
Сланцы;Саратов;5000
Сланцы;Тольятти;5000
Сланцы;Ижевск;5000
Сланцы;Ульяновск;5000
Сланцы;Астрахань;5000
Сланцы;Набережные Челны;5000
Сланцы;Пенза;5000
Сланцы;Липецк;5000
Сланцы;Екатеринбург;5000
Сланцы;Челябинск;5000
Сланцы;Уфа;5000
Сланцы;Пермь;5000
Сланцы;Тюмень;5000
Сланцы;Махачкала;5000
Сланцы;Оренбург;5000
Сланцы;Новосибирск;5000
Сланцы;Омск;5000
Сланцы;Красноярск;5000
Сланцы;Барнаул;5000
Сланцы;Томск;5000
Сланцы;Новокузнецк;5000
Сланцы;Кемерово;5000
Сланцы;Иркутск;5000
Сланцы;Владивосток;5000
Сланцы;Хабаровск;5000
Чита;Саратов;5000
Чита;Липецк;5000
Чита;Оренбург;5000
Чита;Иркутск;5000
Забайкальск;Москва;5000
Забайкальск;Ярославль;5000
Забайкальск;Рязань;5000
Забайкальск;Санкт-Петербург;5000
Забайкальск;Казань;5000
Забайкальск;Нижний Новгород;5000
Забайкальск;Киров;5000
Забайкальск;Самара;5000
Забайкальск;Ростов-на-Дону;5000
Забайкальск;Волгоград;5000
Забайкальск;Воронеж;5000
Забайкальск;Краснодар;5000
Забайкальск;Саратов;5000
Забайкальск;Тольятти;5000
Забайкальск;Ижевск;5000
Забайкальск;Ульяновск;5000
Забайкальск;Астрахань;5000
Забайкальск;Набережные Челны;5000
Забайкальск;Пенза;5000
Забайкальск;Липецк;5000
Забайкальск;Екатеринбург;5000
Забайкальск;Челябинск;5000
Забайкальск;Уфа;5000
Забайкальск;Пермь;5000
Забайкальск;Тюмень;5000
Забайкальск;Махачкала;5000
Забайкальск;Оренбург;5000
Забайкальск;Новосибирск;5000
Забайкальск;Омск;5000
Забайкальск;Красноярск;5000
Забайкальск;Барнаул;5000
Забайкальск;Томск;5000
Забайкальск;Новокузнецк;5000
Забайкальск;Кемерово;5000
Забайкальск;Иркутск;5000
Забайкальск;Владивосток;5000
Забайкальск;Хабаровск;5000
Иваново;Саратов;5000
Иваново;Липецк;5000
Иваново;Оренбург;5000
Иваново;Иркутск;5000
Калуга;Саратов;5000
Калуга;Липецк;5000
Калуга;Оренбург;5000
Калуга;Иркутск;5000
Железногорск;Саратов;5000
Железногорск;Липецк;5000
Железногорск;Оренбург;5000
Железногорск;Иркутск;5000
Жуковский;Москва;5000
Жуковский;Ярославль;5000
Жуковский;Рязань;5000
Жуковский;Санкт-Петербург;5000
Жуковский;Казань;5000
Жуковский;Нижний Новгород;5000
Жуковский;Киров;5000
Жуковский;Самара;5000
Жуковский;Ростов-на-Дону;5000
Жуковский;Волгоград;5000
Жуковский;Воронеж;5000
Жуковский;Краснодар;5000
Жуковский;Саратов;5000
Жуковский;Тольятти;5000
Жуковский;Ижевск;5000
Жуковский;Ульяновск;5000
Жуковский;Астрахань;5000
Жуковский;Набережные Челны;5000
Жуковский;Пенза;5000
Жуковский;Липецк;5000
Жуковский;Екатеринбург;5000
Жуковский;Челябинск;5000
Жуковский;Уфа;5000
Жуковский;Пермь;5000
Жуковский;Тюмень;5000
Жуковский;Махачкала;5000
Жуковский;Оренбург;5000
Жуковский;Новосибирск;5000
Жуковский;Омск;5000
Жуковский;Красноярск;5000
Жуковский;Барнаул;5000
Жуковский;Томск;5000
Жуковский;Новокузнецк;5000
Жуковский;Кемерово;5000
Жуковский;Иркутск;5000
Жуковский;Владивосток;5000
Жуковский;Хабаровск;5000
Протвино;Москва;5000
Протвино;Ярославль;5000
Протвино;Рязань;5000
Протвино;Санкт-Петербург;5000
Протвино;Казань;5000
Протвино;Нижний Новгород;5000
Протвино;Киров;5000
Протвино;Самара;5000
Протвино;Ростов-на-Дону;5000
Протвино;Волгоград;5000
Протвино;Воронеж;5000
Протвино;Краснодар;5000
Протвино;Саратов;5000
Протвино;Тольятти;5000
Протвино;Ижевск;5000
Протвино;Ульяновск;5000
Протвино;Астрахань;5000
Протвино;Набережные Челны;5000
Протвино;Пенза;5000
Протвино;Липецк;5000
Протвино;Екатеринбург;5000
Протвино;Челябинск;5000
Протвино;Уфа;5000
Протвино;Пермь;5000
Протвино;Тюмень;5000
Протвино;Махачкала;5000
Протвино;Оренбург;5000
Протвино;Новосибирск;5000
Протвино;Омск;5000
Протвино;Красноярск;5000
Протвино;Барнаул;5000
Протвино;Томск;5000
Протвино;Новокузнецк;5000
Протвино;Кемерово;5000
Протвино;Иркутск;5000
Протвино;Владивосток;5000
Протвино;Хабаровск;5000
Орел;Саратов;5000
Орел;Липецк;5000
Орел;Оренбург;5000
Орел;Иркутск;5000
Стерлитамак;Саратов;5000
Стерлитамак;Липецк;5000
Стерлитамак;Оренбург;5000
Стерлитамак;Иркутск;5000
Донецк;Москва;5000
Донецк;Ярославль;5000
Донецк;Рязань;5000
Донецк;Санкт-Петербург;5000
Донецк;Казань;5000
Донецк;Нижний Новгород;5000
Донецк;Киров;5000
Донецк;Самара;5000
Донецк;Ростов-на-Дону;5000
Донецк;Волгоград;5000
Донецк;Воронеж;5000
Донецк;Краснодар;5000
Донецк;Саратов;5000
Донецк;Тольятти;5000
Донецк;Ижевск;5000
Донецк;Ульяновск;5000
Донецк;Астрахань;5000
Донецк;Набережные Челны;5000
Донецк;Пенза;5000
Донецк;Липецк;5000
Донецк;Екатеринбург;5000
Донецк;Челябинск;5000
Донецк;Уфа;5000
Донецк;Пермь;5000
Донецк;Тюмень;5000
Донецк;Махачкала;5000
Донецк;Оренбург;5000
Донецк;Новосибирск;5000
Донецк;Омск;5000
Донецк;Красноярск;5000
Донецк;Барнаул;5000
Донецк;Томск;5000
Донецк;Новокузнецк;5000
Донецк;Кемерово;5000
Донецк;Иркутск;5000
Донецк;Владивосток;5000
Донецк;Хабаровск;5000
Энгельс;Москва;5000
Энгельс;Ярославль;5000
Энгельс;Рязань;5000
Энгельс;Санкт-Петербург;5000
Энгельс;Казань;5000
Энгельс;Нижний Новгород;5000
Энгельс;Киров;5000
Энгельс;Самара;5000
Энгельс;Ростов-на-Дону;5000
Энгельс;Волгоград;5000
Энгельс;Воронеж;5000
Энгельс;Краснодар;5000
Энгельс;Саратов;5000
Энгельс;Тольятти;5000
Энгельс;Ижевск;5000
Энгельс;Ульяновск;5000
Энгельс;Астрахань;5000
Энгельс;Набережные Челны;5000
Энгельс;Пенза;5000
Энгельс;Липецк;5000
Энгельс;Екатеринбург;5000
Энгельс;Челябинск;5000
Энгельс;Уфа;5000
Энгельс;Пермь;5000
Энгельс;Тюмень;5000
Энгельс;Махачкала;5000
Энгельс;Оренбург;5000
Энгельс;Новосибирск;5000
Энгельс;Омск;5000
Энгельс;Красноярск;5000
Энгельс;Барнаул;5000
Энгельс;Томск;5000
Энгельс;Новокузнецк;5000
Энгельс;Кемерово;5000
Энгельс;Иркутск;5000
Энгельс;Владивосток;5000
Энгельс;Хабаровск;5000
Балаково;Саратов;5000
Балаково;Липецк;5000
Балаково;Оренбург;5000
Балаково;Иркутск;5000
Смоленск;Саратов;5000
Смоленск;Липецк;5000
Смоленск;Оренбург;5000
Смоленск;Иркутск;5000
Чистополь;Москва;5000
Чистополь;Ярославль;5000
Чистополь;Рязань;5000
Чистополь;Санкт-Петербург;5000
Чистополь;Казань;5000
Чистополь;Нижний Новгород;5000
Чистополь;Киров;5000
Чистополь;Самара;5000
Чистополь;Ростов-на-Дону;5000
Чистополь;Волгоград;5000
Чистополь;Воронеж;5000
Чистополь;Краснодар;5000
Чистополь;Саратов;5000
Чистополь;Тольятти;5000
Чистополь;Ижевск;5000
Чистополь;Ульяновск;5000
Чистополь;Астрахань;5000
Чистополь;Набережные Челны;5000
Чистополь;Пенза;5000
Чистополь;Липецк;5000
Чистополь;Екатеринбург;5000
Чистополь;Челябинск;5000
Чистополь;Уфа;5000
Чистополь;Пермь;5000
Чистополь;Тюмень;5000
Чистополь;Махачкала;5000
Чистополь;Оренбург;5000
Чистополь;Новосибирск;5000
Чистополь;Омск;5000
Чистополь;Красноярск;5000
Чистополь;Барнаул;5000
Чистополь;Томск;5000
Чистополь;Новокузнецк;5000
Чистополь;Кемерово;5000
Чистополь;Иркутск;5000
Чистополь;Владивосток;5000
Чистополь;Хабаровск;5000
Тверь;Саратов;5000
Тверь;Липецк;5000
Тверь;Оренбург;5000
Тверь;Иркутск;5000
Тула;Саратов;5000
Тула;Липецк;5000
Тула;Оренбург;5000
Тула;Иркутск;5000
Новомоссковск;Москва;5000
Новомоссковск;Ярославль;5000
Новомоссковск;Рязань;5000
Новомоссковск;Санкт-Петербург;5000
Новомоссковск;Казань;5000
Новомоссковск;Нижний Новгород;5000
Новомоссковск;Киров;5000
Новомоссковск;Самара;5000
Новомоссковск;Ростов-на-Дону;5000
Новомоссковск;Волгоград;5000
Новомоссковск;Воронеж;5000
Новомоссковск;Краснодар;5000
Новомоссковск;Саратов;5000
Новомоссковск;Тольятти;5000
Новомоссковск;Ижевск;5000
Новомоссковск;Ульяновск;5000
Новомоссковск;Астрахань;5000
Новомоссковск;Набережные Челны;5000
Новомоссковск;Пенза;5000
Новомоссковск;Липецк;5000
Новомоссковск;Екатеринбург;5000
Новомоссковск;Челябинск;5000
Новомоссковск;Уфа;5000
Новомоссковск;Пермь;5000
Новомоссковск;Тюмень;5000
Новомоссковск;Махачкала;5000
Новомоссковск;Оренбург;5000
Новомоссковск;Новосибирск;5000
Новомоссковск;Омск;5000
Новомоссковск;Красноярск;5000
Новомоссковск;Барнаул;5000
Новомоссковск;Томск;5000
Новомоссковск;Новокузнецк;5000
Новомоссковск;Кемерово;5000
Новомоссковск;Иркутск;5000
Новомоссковск;Владивосток;5000
Новомоссковск;Хабаровск;5000
Димитровград;Саратов;5000
Димитровград;Липецк;5000
Димитровград;Оренбург;5000
Димитровград;Иркутск;5000
Троицк;Саратов;5000
Троицк;Липецк;5000
Троицк;Оренбург;5000
Троицк;Иркутск;5000
Чебоксары;Саратов;5000
Чебоксары;Липецк;5000
Чебоксары;Оренбург;5000
Чебоксары;Иркутск;5000
Корсаков;Москва;5000
Корсаков;Ярославль;5000
Корсаков;Рязань;5000
Корсаков;Санкт-Петербург;5000
Корсаков;Казань;5000
Корсаков;Нижний Новгород;5000
Корсаков;Киров;5000
Корсаков;Самара;5000
Корсаков;Ростов-на-Дону;5000
Корсаков;Волгоград;5000
Корсаков;Воронеж;5000
Корсаков;Краснодар;5000
Корсаков;Саратов;5000
Корсаков;Тольятти;5000
Корсаков;Ижевск;5000
Корсаков;Ульяновск;5000
Корсаков;Астрахань;5000
Корсаков;Набережные Челны;5000
Корсаков;Пенза;5000
Корсаков;Липецк;5000
Корсаков;Екатеринбург;5000
Корсаков;Челябинск;5000
Корсаков;Уфа;5000
Корсаков;Пермь;5000
Корсаков;Тюмень;5000
Корсаков;Махачкала;5000
Корсаков;Оренбург;5000
Корсаков;Новосибирск;5000
Корсаков;Омск;5000
Корсаков;Красноярск;5000
Корсаков;Барнаул;5000
Корсаков;Томск;5000
Корсаков;Новокузнецк;5000
Корсаков;Кемерово;5000
Корсаков;Иркутск;5000
Корсаков;Владивосток;5000
Корсаков;Хабаровск;5000
Благовещенск;Саратов;5000
Благовещенск;Липецк;5000
Благовещенск;Оренбург;5000
Благовещенск;Иркутск;5000
Архангельск;Саратов;10000
Архангельск;Липецк;10000
Архангельск;Оренбург;10000
Архангельск;Иркутск;10000
Брянск;Саратов;10000
Брянск;Липецк;10000
Брянск;Оренбург;10000
Брянск;Иркутск;10000
Владимир;Саратов;10000
Владимир;Липецк;10000
Владимир;Оренбург;10000
Владимир;Иркутск;10000
Вологда;Саратов;10000
Вологда;Липецк;10000
Вологда;Оренбург;10000
Вологда;Иркутск;10000
Череповец;Саратов;10000
Череповец;Липецк;10000
Череповец;Оренбург;10000
Череповец;Иркутск;10000
Зеленоград;Москва;10000
Зеленоград;Ярославль;10000
Зеленоград;Рязань;10000
Зеленоград;Санкт-Петербург;10000
Зеленоград;Казань;10000
Зеленоград;Нижний Новгород;10000
Зеленоград;Киров;10000
Зеленоград;Самара;10000
Зеленоград;Ростов-на-Дону;10000
Зеленоград;Волгоград;10000
Зеленоград;Воронеж;10000
Зеленоград;Краснодар;10000
Зеленоград;Саратов;10000
Зеленоград;Тольятти;10000
Зеленоград;Ижевск;10000
Зеленоград;Ульяновск;10000
Зеленоград;Астрахань;10000
Зеленоград;Набережные Челны;10000
Зеленоград;Пенза;10000
Зеленоград;Липецк;10000
Зеленоград;Екатеринбург;10000
Зеленоград;Челябинск;10000
Зеленоград;Уфа;10000
Зеленоград;Пермь;10000
Зеленоград;Тюмень;10000
Зеленоград;Махачкала;10000
Зеленоград;Оренбург;10000
Зеленоград;Новосибирск;10000
Зеленоград;Омск;10000
Зеленоград;Красноярск;10000
Зеленоград;Барнаул;10000
Зеленоград;Томск;10000
Зеленоград;Новокузнецк;10000
Зеленоград;Кемерово;10000
Зеленоград;Иркутск;10000
Зеленоград;Владивосток;10000
Зеленоград;Хабаровск;10000
Сланцы;Москва;10000
Сланцы;Ярославль;10000
Сланцы;Рязань;10000
Сланцы;Санкт-Петербург;10000
Сланцы;Казань;10000
Сланцы;Нижний Новгород;10000
Сланцы;Киров;10000
Сланцы;Самара;10000
Сланцы;Ростов-на-Дону;10000
Сланцы;Волгоград;10000
Сланцы;Воронеж;10000
Сланцы;Краснодар;10000
Сланцы;Саратов;10000
Сланцы;Тольятти;10000
Сланцы;Ижевск;10000
Сланцы;Ульяновск;10000
Сланцы;Астрахань;10000
Сланцы;Набережные Челны;10000
Сланцы;Пенза;10000
Сланцы;Липецк;10000
Сланцы;Екатеринбург;10000
Сланцы;Челябинск;10000
Сланцы;Уфа;10000
Сланцы;Пермь;10000
Сланцы;Тюмень;10000
Сланцы;Махачкала;10000
Сланцы;Оренбург;10000
Сланцы;Новосибирск;10000
Сланцы;Омск;10000
Сланцы;Красноярск;10000
Сланцы;Барнаул;10000
Сланцы;Томск;10000
Сланцы;Новокузнецк;10000
Сланцы;Кемерово;10000
Сланцы;Иркутск;10000
Сланцы;Владивосток;10000
Сланцы;Хабаровск;10000
Чита;Саратов;10000
Чита;Липецк;10000
Чита;Оренбург;10000
Чита;Иркутск;10000
Забайкальск;Москва;10000
Забайкальск;Ярославль;10000
Забайкальск;Рязань;10000
Забайкальск;Санкт-Петербург;10000
Забайкальск;Казань;10000
Забайкальск;Нижний Новгород;10000
Забайкальск;Киров;10000
Забайкальск;Самара;10000
Забайкальск;Ростов-на-Дону;10000
Забайкальск;Волгоград;10000
Забайкальск;Воронеж;10000
Забайкальск;Краснодар;10000
Забайкальск;Саратов;10000
Забайкальск;Тольятти;10000
Забайкальск;Ижевск;10000
Забайкальск;Ульяновск;10000
Забайкальск;Астрахань;10000
Забайкальск;Набережные Челны;10000
Забайкальск;Пенза;10000
Забайкальск;Липецк;10000
Забайкальск;Екатеринбург;10000
Забайкальск;Челябинск;10000
Забайкальск;Уфа;10000
Забайкальск;Пермь;10000
Забайкальск;Тюмень;10000
Забайкальск;Махачкала;10000
Забайкальск;Оренбург;10000
Забайкальск;Новосибирск;10000
Забайкальск;Омск;10000
Забайкальск;Красноярск;10000
Забайкальск;Барнаул;10000
Забайкальск;Томск;10000
Забайкальск;Новокузнецк;10000
Забайкальск;Кемерово;10000
Забайкальск;Иркутск;10000
Забайкальск;Владивосток;10000
Забайкальск;Хабаровск;10000
Иваново;Саратов;10000
Иваново;Липецк;10000
Иваново;Оренбург;10000
Иваново;Иркутск;10000
Калуга;Саратов;10000
Калуга;Липецк;10000
Калуга;Оренбург;10000
Калуга;Иркутск;10000
Железногорск;Саратов;10000
Железногорск;Липецк;10000
Железногорск;Оренбург;10000
Железногорск;Иркутск;10000
Жуковский;Москва;10000
Жуковский;Ярославль;10000
Жуковский;Рязань;10000
Жуковский;Санкт-Петербург;10000
Жуковский;Казань;10000
Жуковский;Нижний Новгород;10000
Жуковский;Киров;10000
Жуковский;Самара;10000
Жуковский;Ростов-на-Дону;10000
Жуковский;Волгоград;10000
Жуковский;Воронеж;10000
Жуковский;Краснодар;10000
Жуковский;Саратов;10000
Жуковский;Тольятти;10000
Жуковский;Ижевск;10000
Жуковский;Ульяновск;10000
Жуковский;Астрахань;10000
Жуковский;Набережные Челны;10000
Жуковский;Пенза;10000
Жуковский;Липецк;10000
Жуковский;Екатеринбург;10000
Жуковский;Челябинск;10000
Жуковский;Уфа;10000
Жуковский;Пермь;10000
Жуковский;Тюмень;10000
Жуковский;Махачкала;10000
Жуковский;Оренбург;10000
Жуковский;Новосибирск;10000
Жуковский;Омск;10000
Жуковский;Красноярск;10000
Жуковский;Барнаул;10000
Жуковский;Томск;10000
Жуковский;Новокузнецк;10000
Жуковский;Кемерово;10000
Жуковский;Иркутск;10000
Жуковский;Владивосток;10000
Жуковский;Хабаровск;10000
Протвино;Москва;10000
Протвино;Ярославль;10000
Протвино;Рязань;10000
Протвино;Санкт-Петербург;10000
Протвино;Казань;10000
Протвино;Нижний Новгород;10000
Протвино;Киров;10000
Протвино;Самара;10000
Протвино;Ростов-на-Дону;10000
Протвино;Волгоград;10000
Протвино;Воронеж;10000
Протвино;Краснодар;10000
Протвино;Саратов;10000
Протвино;Тольятти;10000
Протвино;Ижевск;10000
Протвино;Ульяновск;10000
Протвино;Астрахань;10000
Протвино;Набережные Челны;10000
Протвино;Пенза;10000
Протвино;Липецк;10000
Протвино;Екатеринбург;10000
Протвино;Челябинск;10000
Протвино;Уфа;10000
Протвино;Пермь;10000
Протвино;Тюмень;10000
Протвино;Махачкала;10000
Протвино;Оренбург;10000
Протвино;Новосибирск;10000
Протвино;Омск;10000
Протвино;Красноярск;10000
Протвино;Барнаул;10000
Протвино;Томск;10000
Протвино;Новокузнецк;10000
Протвино;Кемерово;10000
Протвино;Иркутск;10000
Протвино;Владивосток;10000
Протвино;Хабаровск;10000
Орел;Саратов;10000
Орел;Липецк;10000
Орел;Оренбург;10000
Орел;Иркутск;10000
Стерлитамак;Саратов;10000
Стерлитамак;Липецк;10000
Стерлитамак;Оренбург;10000
Стерлитамак;Иркутск;10000
Донецк;Москва;10000
Донецк;Ярославль;10000
Донецк;Рязань;10000
Донецк;Санкт-Петербург;10000
Донецк;Казань;10000
Донецк;Нижний Новгород;10000
Донецк;Киров;10000
Донецк;Самара;10000
Донецк;Ростов-на-Дону;10000
Донецк;Волгоград;10000
Донецк;Воронеж;10000
Донецк;Краснодар;10000
Донецк;Саратов;10000
Донецк;Тольятти;10000
Донецк;Ижевск;10000
Донецк;Ульяновск;10000
Донецк;Астрахань;10000
Донецк;Набережные Челны;10000
Донецк;Пенза;10000
Донецк;Липецк;10000
Донецк;Екатеринбург;10000
Донецк;Челябинск;10000
Донецк;Уфа;10000
Донецк;Пермь;10000
Донецк;Тюмень;10000
Донецк;Махачкала;10000
Донецк;Оренбург;10000
Донецк;Новосибирск;10000
Донецк;Омск;10000
Донецк;Красноярск;10000
Донецк;Барнаул;10000
Донецк;Томск;10000
Донецк;Новокузнецк;10000
Донецк;Кемерово;10000
Донецк;Иркутск;10000
Донецк;Владивосток;10000
Донецк;Хабаровск;10000
Энгельс;Москва;10000
Энгельс;Ярославль;10000
Энгельс;Рязань;10000
Энгельс;Санкт-Петербург;10000
Энгельс;Казань;10000
Энгельс;Нижний Новгород;10000
Энгельс;Киров;10000
Энгельс;Самара;10000
Энгельс;Ростов-на-Дону;10000
Энгельс;Волгоград;10000
Энгельс;Воронеж;10000
Энгельс;Краснодар;10000
Энгельс;Саратов;10000
Энгельс;Тольятти;10000
Энгельс;Ижевск;10000
Энгельс;Ульяновск;10000
Энгельс;Астрахань;10000
Энгельс;Набережные Челны;10000
Энгельс;Пенза;10000
Энгельс;Липецк;10000
Энгельс;Екатеринбург;10000
Энгельс;Челябинск;10000
Энгельс;Уфа;10000
Энгельс;Пермь;10000
Энгельс;Тюмень;10000
Энгельс;Махачкала;10000
Энгельс;Оренбург;10000
Энгельс;Новосибирск;10000
Энгельс;Омск;10000
Энгельс;Красноярск;10000
Энгельс;Барнаул;10000
Энгельс;Томск;10000
Энгельс;Новокузнецк;10000
Энгельс;Кемерово;10000
Энгельс;Иркутск;10000
Энгельс;Владивосток;10000
Энгельс;Хабаровск;10000
Балаково;Саратов;10000
Балаково;Липецк;10000
Балаково;Оренбург;10000
Балаково;Иркутск;10000
Смоленск;Саратов;10000
Смоленск;Липецк;10000
Смоленск;Оренбург;10000
Смоленск;Иркутск;10000
Чистополь;Москва;10000
Чистополь;Ярославль;10000
Чистополь;Рязань;10000
Чистополь;Санкт-Петербург;10000
Чистополь;Казань;10000
Чистополь;Нижний Новгород;10000
Чистополь;Киров;10000
Чистополь;Самара;10000
Чистополь;Ростов-на-Дону;10000
Чистополь;Волгоград;10000
Чистополь;Воронеж;10000
Чистополь;Краснодар;10000
Чистополь;Саратов;10000
Чистополь;Тольятти;10000
Чистополь;Ижевск;10000
Чистополь;Ульяновск;10000
Чистополь;Астрахань;10000
Чистополь;Набережные Челны;10000
Чистополь;Пенза;10000
Чистополь;Липецк;10000
Чистополь;Екатеринбург;10000
Чистополь;Челябинск;10000
Чистополь;Уфа;10000
Чистополь;Пермь;10000
Чистополь;Тюмень;10000
Чистополь;Махачкала;10000
Чистополь;Оренбург;10000
Чистополь;Новосибирск;10000
Чистополь;Омск;10000
Чистополь;Красноярск;10000
Чистополь;Барнаул;10000
Чистополь;Томск;10000
Чистополь;Новокузнецк;10000
Чистополь;Кемерово;10000
Чистополь;Иркутск;10000
Чистополь;Владивосток;10000
Чистополь;Хабаровск;10000
Тверь;Саратов;10000
Тверь;Липецк;10000
Тверь;Оренбург;10000
Тверь;Иркутск;10000
Тула;Саратов;10000
Тула;Липецк;10000
Тула;Оренбург;10000
Тула;Иркутск;10000
Новомоссковск;Москва;10000
Новомоссковск;Ярославль;10000
Новомоссковск;Рязань;10000
Новомоссковск;Санкт-Петербург;10000
Новомоссковск;Казань;10000
Новомоссковск;Нижний Новгород;10000
Новомоссковск;Киров;10000
Новомоссковск;Самара;10000
Новомоссковск;Ростов-на-Дону;10000
Новомоссковск;Волгоград;10000
Новомоссковск;Воронеж;10000
Новомоссковск;Краснодар;10000
Новомоссковск;Саратов;10000
Новомоссковск;Тольятти;10000
Новомоссковск;Ижевск;10000
Новомоссковск;Ульяновск;10000
Новомоссковск;Астрахань;10000
Новомоссковск;Набережные Челны;10000
Новомоссковск;Пенза;10000
Новомоссковск;Липецк;10000
Новомоссковск;Екатеринбург;10000
Новомоссковск;Челябинск;10000
Новомоссковск;Уфа;10000
Новомоссковск;Пермь;10000
Новомоссковск;Тюмень;10000
Новомоссковск;Махачкала;10000
Новомоссковск;Оренбург;10000
Новомоссковск;Новосибирск;10000
Новомоссковск;Омск;10000
Новомоссковск;Красноярск;10000
Новомоссковск;Барнаул;10000
Новомоссковск;Томск;10000
Новомоссковск;Новокузнецк;10000
Новомоссковск;Кемерово;10000
Новомоссковск;Иркутск;10000
Новомоссковск;Владивосток;10000
Новомоссковск;Хабаровск;10000
Димитровград;Саратов;10000
Димитровград;Липецк;10000
Димитровград;Оренбург;10000
Димитровград;Иркутск;10000
Троицк;Саратов;10000
Троицк;Липецк;10000
Троицк;Оренбург;10000
Троицк;Иркутск;10000
Чебоксары;Саратов;10000
Чебоксары;Липецк;10000
Чебоксары;Оренбург;10000
Чебоксары;Иркутск;10000
Корсаков;Москва;10000
Корсаков;Ярославль;10000
Корсаков;Рязань;10000
Корсаков;Санкт-Петербург;10000
Корсаков;Казань;10000
Корсаков;Нижний Новгород;10000
Корсаков;Киров;10000
Корсаков;Самара;10000
Корсаков;Ростов-на-Дону;10000
Корсаков;Волгоград;10000
Корсаков;Воронеж;10000
Корсаков;Краснодар;10000
Корсаков;Саратов;10000
Корсаков;Тольятти;10000
Корсаков;Ижевск;10000
Корсаков;Ульяновск;10000
Корсаков;Астрахань;10000
Корсаков;Набережные Челны;10000
Корсаков;Пенза;10000
Корсаков;Липецк;10000
Корсаков;Екатеринбург;10000
Корсаков;Челябинск;10000
Корсаков;Уфа;10000
Корсаков;Пермь;10000
Корсаков;Тюмень;10000
Корсаков;Махачкала;10000
Корсаков;Оренбург;10000
Корсаков;Новосибирск;10000
Корсаков;Омск;10000
Корсаков;Красноярск;10000
Корсаков;Барнаул;10000
Корсаков;Томск;10000
Корсаков;Новокузнецк;10000
Корсаков;Кемерово;10000
Корсаков;Иркутск;10000
Корсаков;Владивосток;10000
Корсаков;Хабаровск;10000
Благовещенск;Саратов;10000
Благовещенск;Липецк;10000
Благовещенск;Оренбург;10000
Благовещенск;Иркутск;10000
Архангельск;Москва;15000
Архангельск;Ярославль;15000
Архангельск;Рязань;15000
Архангельск;Санкт-Петербург;15000
Архангельск;Казань;15000
Архангельск;Нижний Новгород;15000
Архангельск;Киров;15000
Архангельск;Самара;15000
Архангельск;Ростов-на-Дону;15000
Архангельск;Волгоград;15000
Архангельск;Воронеж;15000
Архангельск;Краснодар;15000
Архангельск;Саратов;15000
Архангельск;Тольятти;15000
Архангельск;Ижевск;15000
Архангельск;Ульяновск;15000
Архангельск;Астрахань;15000
Архангельск;Набережные Челны;15000
Архангельск;Пенза;15000
Архангельск;Липецк;15000
Архангельск;Екатеринбург;15000
Архангельск;Челябинск;15000
Архангельск;Уфа;15000
Архангельск;Пермь;15000
Архангельск;Тюмень;15000
Архангельск;Махачкала;15000
Архангельск;Оренбург;15000
Архангельск;Новосибирск;15000
Архангельск;Омск;15000
Архангельск;Красноярск;15000
Архангельск;Барнаул;15000
Архангельск;Томск;15000
Архангельск;Новокузнецк;15000
Архангельск;Кемерово;15000
Архангельск;Иркутск;15000
Архангельск;Владивосток;15000
Архангельск;Хабаровск;15000
Брянск;Москва;15000
Брянск;Ярославль;15000
Брянск;Рязань;15000
Брянск;Санкт-Петербург;15000
Брянск;Казань;15000
Брянск;Нижний Новгород;15000
Брянск;Киров;15000
Брянск;Самара;15000
Брянск;Ростов-на-Дону;15000
Брянск;Волгоград;15000
Брянск;Воронеж;15000
Брянск;Краснодар;15000
Брянск;Саратов;15000
Брянск;Тольятти;15000
Брянск;Ижевск;15000
Брянск;Ульяновск;15000
Брянск;Астрахань;15000
Брянск;Набережные Челны;15000
Брянск;Пенза;15000
Брянск;Липецк;15000
Брянск;Екатеринбург;15000
Брянск;Челябинск;15000
Брянск;Уфа;15000
Брянск;Пермь;15000
Брянск;Тюмень;15000
Брянск;Махачкала;15000
Брянск;Оренбург;15000
Брянск;Новосибирск;15000
Брянск;Омск;15000
Брянск;Красноярск;15000
Брянск;Барнаул;15000
Брянск;Томск;15000
Брянск;Новокузнецк;15000
Брянск;Кемерово;15000
Брянск;Иркутск;15000
Брянск;Владивосток;15000
Брянск;Хабаровск;15000
Владимир;Москва;15000
Владимир;Ярославль;15000
Владимир;Рязань;15000
Владимир;Санкт-Петербург;15000
Владимир;Казань;15000
Владимир;Нижний Новгород;15000
Владимир;Киров;15000
Владимир;Самара;15000
Владимир;Ростов-на-Дону;15000
Владимир;Волгоград;15000
Владимир;Воронеж;15000
Владимир;Краснодар;15000
Владимир;Саратов;15000
Владимир;Тольятти;15000
Владимир;Ижевск;15000
Владимир;Ульяновск;15000
Владимир;Астрахань;15000
Владимир;Набережные Челны;15000
Владимир;Пенза;15000
Владимир;Липецк;15000
Владимир;Екатеринбург;15000
Владимир;Челябинск;15000
Владимир;Уфа;15000
Владимир;Пермь;15000
Владимир;Тюмень;15000
Владимир;Махачкала;15000
Владимир;Оренбург;15000
Владимир;Новосибирск;15000
Владимир;Омск;15000
Владимир;Красноярск;15000
Владимир;Барнаул;15000
Владимир;Томск;15000
Владимир;Новокузнецк;15000
Владимир;Кемерово;15000
Владимир;Иркутск;15000
Владимир;Владивосток;15000
Владимир;Хабаровск;15000
Вологда;Москва;15000
Вологда;Ярославль;15000
Вологда;Рязань;15000
Вологда;Санкт-Петербург;15000
Вологда;Казань;15000
Вологда;Нижний Новгород;15000
Вологда;Киров;15000
Вологда;Самара;15000
Вологда;Ростов-на-Дону;15000
Вологда;Волгоград;15000
Вологда;Воронеж;15000
Вологда;Краснодар;15000
Вологда;Саратов;15000
Вологда;Тольятти;15000
Вологда;Ижевск;15000
Вологда;Ульяновск;15000
Вологда;Астрахань;15000
Вологда;Набережные Челны;15000
Вологда;Пенза;15000
Вологда;Липецк;15000
Вологда;Екатеринбург;15000
Вологда;Челябинск;15000
Вологда;Уфа;15000
Вологда;Пермь;15000
Вологда;Тюмень;15000
Вологда;Махачкала;15000
Вологда;Оренбург;15000
Вологда;Новосибирск;15000
Вологда;Омск;15000
Вологда;Красноярск;15000
Вологда;Барнаул;15000
Вологда;Томск;15000
Вологда;Новокузнецк;15000
Вологда;Кемерово;15000
Вологда;Иркутск;15000
Вологда;Владивосток;15000
Вологда;Хабаровск;15000
Череповец;Москва;15000
Череповец;Ярославль;15000
Череповец;Рязань;15000
Череповец;Санкт-Петербург;15000
Череповец;Казань;15000
Череповец;Нижний Новгород;15000
Череповец;Киров;15000
Череповец;Самара;15000
Череповец;Ростов-на-Дону;15000
Череповец;Волгоград;15000
Череповец;Воронеж;15000
Череповец;Краснодар;15000
Череповец;Саратов;15000
Череповец;Тольятти;15000
Череповец;Ижевск;15000
Череповец;Ульяновск;15000
Череповец;Астрахань;15000
Череповец;Набережные Челны;15000
Череповец;Пенза;15000
Череповец;Липецк;15000
Череповец;Екатеринбург;15000
Череповец;Челябинск;15000
Череповец;Уфа;15000
Череповец;Пермь;15000
Череповец;Тюмень;15000
Череповец;Махачкала;15000
Череповец;Оренбург;15000
Череповец;Новосибирск;15000
Череповец;Омск;15000
Череповец;Красноярск;15000
Череповец;Барнаул;15000
Череповец;Томск;15000
Череповец;Новокузнецк;15000
Череповец;Кемерово;15000
Череповец;Иркутск;15000
Череповец;Владивосток;15000
Череповец;Хабаровск;15000
Зеленоград;Москва;15000
Зеленоград;Ярославль;15000
Зеленоград;Рязань;15000
Зеленоград;Санкт-Петербург;15000
Зеленоград;Казань;15000
Зеленоград;Нижний Новгород;15000
Зеленоград;Киров;15000
Зеленоград;Самара;15000
Зеленоград;Ростов-на-Дону;15000
Зеленоград;Волгоград;15000
Зеленоград;Воронеж;15000
Зеленоград;Краснодар;15000
Зеленоград;Саратов;15000
Зеленоград;Тольятти;15000
Зеленоград;Ижевск;15000
Зеленоград;Ульяновск;15000
Зеленоград;Астрахань;15000
Зеленоград;Набережные Челны;15000
Зеленоград;Пенза;15000
Зеленоград;Липецк;15000
Зеленоград;Екатеринбург;15000
Зеленоград;Челябинск;15000
Зеленоград;Уфа;15000
Зеленоград;Пермь;15000
Зеленоград;Тюмень;15000
Зеленоград;Махачкала;15000
Зеленоград;Оренбург;15000
Зеленоград;Новосибирск;15000
Зеленоград;Омск;15000
Зеленоград;Красноярск;15000
Зеленоград;Барнаул;15000
Зеленоград;Томск;15000
Зеленоград;Новокузнецк;15000
Зеленоград;Кемерово;15000
Зеленоград;Иркутск;15000
Зеленоград;Владивосток;15000
Зеленоград;Хабаровск;15000
Сланцы;Москва;15000
Сланцы;Ярославль;15000
Сланцы;Рязань;15000
Сланцы;Санкт-Петербург;15000
Сланцы;Казань;15000
Сланцы;Нижний Новгород;15000
Сланцы;Киров;15000
Сланцы;Самара;15000
Сланцы;Ростов-на-Дону;15000
Сланцы;Волгоград;15000
Сланцы;Воронеж;15000
Сланцы;Краснодар;15000
Сланцы;Саратов;15000
Сланцы;Тольятти;15000
Сланцы;Ижевск;15000
Сланцы;Ульяновск;15000
Сланцы;Астрахань;15000
Сланцы;Набережные Челны;15000
Сланцы;Пенза;15000
Сланцы;Липецк;15000
Сланцы;Екатеринбург;15000
Сланцы;Челябинск;15000
Сланцы;Уфа;15000
Сланцы;Пермь;15000
Сланцы;Тюмень;15000
Сланцы;Махачкала;15000
Сланцы;Оренбург;15000
Сланцы;Новосибирск;15000
Сланцы;Омск;15000
Сланцы;Красноярск;15000
Сланцы;Барнаул;15000
Сланцы;Томск;15000
Сланцы;Новокузнецк;15000
Сланцы;Кемерово;15000
Сланцы;Иркутск;15000
Сланцы;Владивосток;15000
Сланцы;Хабаровск;15000
Чита;Москва;15000
Чита;Ярославль;15000
Чита;Рязань;15000
Чита;Санкт-Петербург;15000
Чита;Казань;15000
Чита;Нижний Новгород;15000
Чита;Киров;15000
Чита;Самара;15000
Чита;Ростов-на-Дону;15000
Чита;Волгоград;15000
Чита;Воронеж;15000
Чита;Краснодар;15000
Чита;Саратов;15000
Чита;Тольятти;15000
Чита;Ижевск;15000
Чита;Ульяновск;15000
Чита;Астрахань;15000
Чита;Набережные Челны;15000
Чита;Пенза;15000
Чита;Липецк;15000
Чита;Екатеринбург;15000
Чита;Челябинск;15000
Чита;Уфа;15000
Чита;Пермь;15000
Чита;Тюмень;15000
Чита;Махачкала;15000
Чита;Оренбург;15000
Чита;Новосибирск;15000
Чита;Омск;15000
Чита;Красноярск;15000
Чита;Барнаул;15000
Чита;Томск;15000
Чита;Новокузнецк;15000
Чита;Кемерово;15000
Чита;Иркутск;15000
Чита;Владивосток;15000
Чита;Хабаровск;15000
Забайкальск;Москва;15000
Забайкальск;Ярославль;15000
Забайкальск;Рязань;15000
Забайкальск;Санкт-Петербург;15000
Забайкальск;Казань;15000
Забайкальск;Нижний Новгород;15000
Забайкальск;Киров;15000
Забайкальск;Самара;15000
Забайкальск;Ростов-на-Дону;15000
Забайкальск;Волгоград;15000
Забайкальск;Воронеж;15000
Забайкальск;Краснодар;15000
Забайкальск;Саратов;15000
Забайкальск;Тольятти;15000
Забайкальск;Ижевск;15000
Забайкальск;Ульяновск;15000
Забайкальск;Астрахань;15000
Забайкальск;Набережные Челны;15000
Забайкальск;Пенза;15000
Забайкальск;Липецк;15000
Забайкальск;Екатеринбург;15000
Забайкальск;Челябинск;15000
Забайкальск;Уфа;15000
Забайкальск;Пермь;15000
Забайкальск;Тюмень;15000
Забайкальск;Махачкала;15000
Забайкальск;Оренбург;15000
Забайкальск;Новосибирск;15000
Забайкальск;Омск;15000
Забайкальск;Красноярск;15000
Забайкальск;Барнаул;15000
Забайкальск;Томск;15000
Забайкальск;Новокузнецк;15000
Забайкальск;Кемерово;15000
Забайкальск;Иркутск;15000
Забайкальск;Владивосток;15000
Забайкальск;Хабаровск;15000
Иваново;Москва;15000
Иваново;Ярославль;15000
Иваново;Рязань;15000
Иваново;Санкт-Петербург;15000
Иваново;Казань;15000
Иваново;Нижний Новгород;15000
Иваново;Киров;15000
Иваново;Самара;15000
Иваново;Ростов-на-Дону;15000
Иваново;Волгоград;15000
Иваново;Воронеж;15000
Иваново;Краснодар;15000
Иваново;Саратов;15000
Иваново;Тольятти;15000
Иваново;Ижевск;15000
Иваново;Ульяновск;15000
Иваново;Астрахань;15000
Иваново;Набережные Челны;15000
Иваново;Пенза;15000
Иваново;Липецк;15000
Иваново;Екатеринбург;15000
Иваново;Челябинск;15000
Иваново;Уфа;15000
Иваново;Пермь;15000
Иваново;Тюмень;15000
Иваново;Махачкала;15000
Иваново;Оренбург;15000
Иваново;Новосибирск;15000
Иваново;Омск;15000
Иваново;Красноярск;15000
Иваново;Барнаул;15000
Иваново;Томск;15000
Иваново;Новокузнецк;15000
Иваново;Кемерово;15000
Иваново;Иркутск;15000
Иваново;Владивосток;15000
Иваново;Хабаровск;15000
Калуга;Москва;15000
Калуга;Ярославль;15000
Калуга;Рязань;15000
Калуга;Санкт-Петербург;15000
Калуга;Казань;15000
Калуга;Нижний Новгород;15000
Калуга;Киров;15000
Калуга;Самара;15000
Калуга;Ростов-на-Дону;15000
Калуга;Волгоград;15000
Калуга;Воронеж;15000
Калуга;Краснодар;15000
Калуга;Саратов;15000
Калуга;Тольятти;15000
Калуга;Ижевск;15000
Калуга;Ульяновск;15000
Калуга;Астрахань;15000
Калуга;Набережные Челны;15000
Калуга;Пенза;15000
Калуга;Липецк;15000
Калуга;Екатеринбург;15000
Калуга;Челябинск;15000
Калуга;Уфа;15000
Калуга;Пермь;15000
Калуга;Тюмень;15000
Калуга;Махачкала;15000
Калуга;Оренбург;15000
Калуга;Новосибирск;15000
Калуга;Омск;15000
Калуга;Красноярск;15000
Калуга;Барнаул;15000
Калуга;Томск;15000
Калуга;Новокузнецк;15000
Калуга;Кемерово;15000
Калуга;Иркутск;15000
Калуга;Владивосток;15000
Калуга;Хабаровск;15000
Абинск;Москва;15000
Абинск;Ярославль;15000
Абинск;Рязань;15000
Абинск;Санкт-Петербург;15000
Абинск;Казань;15000
Абинск;Нижний Новгород;15000
Абинск;Киров;15000
Абинск;Самара;15000
Абинск;Ростов-на-Дону;15000
Абинск;Волгоград;15000
Абинск;Воронеж;15000
Абинск;Краснодар;15000
Абинск;Саратов;15000
Абинск;Тольятти;15000
Абинск;Ижевск;15000
Абинск;Ульяновск;15000
Абинск;Астрахань;15000
Абинск;Набережные Челны;15000
Абинск;Пенза;15000
Абинск;Липецк;15000
Абинск;Екатеринбург;15000
Абинск;Челябинск;15000
Абинск;Уфа;15000
Абинск;Пермь;15000
Абинск;Тюмень;15000
Абинск;Махачкала;15000
Абинск;Оренбург;15000
Абинск;Новосибирск;15000
Абинск;Омск;15000
Абинск;Красноярск;15000
Абинск;Барнаул;15000
Абинск;Томск;15000
Абинск;Новокузнецк;15000
Абинск;Кемерово;15000
Абинск;Иркутск;15000
Абинск;Владивосток;15000
Абинск;Хабаровск;15000
Железногорск;Москва;15000
Железногорск;Ярославль;15000
Железногорск;Рязань;15000
Железногорск;Санкт-Петербург;15000
Железногорск;Казань;15000
Железногорск;Нижний Новгород;15000
Железногорск;Киров;15000
Железногорск;Самара;15000
Железногорск;Ростов-на-Дону;15000
Железногорск;Волгоград;15000
Железногорск;Воронеж;15000
Железногорск;Краснодар;15000
Железногорск;Саратов;15000
Железногорск;Тольятти;15000
Железногорск;Ижевск;15000
Железногорск;Ульяновск;15000
Железногорск;Астрахань;15000
Железногорск;Набережные Челны;15000
Железногорск;Пенза;15000
Железногорск;Липецк;15000
Железногорск;Екатеринбург;15000
Железногорск;Челябинск;15000
Железногорск;Уфа;15000
Железногорск;Пермь;15000
Железногорск;Тюмень;15000
Железногорск;Махачкала;15000
Железногорск;Оренбург;15000
Железногорск;Новосибирск;15000
Железногорск;Омск;15000
Железногорск;Красноярск;15000
Железногорск;Барнаул;15000
Железногорск;Томск;15000
Железногорск;Новокузнецк;15000
Железногорск;Кемерово;15000
Железногорск;Иркутск;15000
Железногорск;Владивосток;15000
Железногорск;Хабаровск;15000
Жуковский;Москва;15000
Жуковский;Ярославль;15000
Жуковский;Рязань;15000
Жуковский;Санкт-Петербург;15000
Жуковский;Казань;15000
Жуковский;Нижний Новгород;15000
Жуковский;Киров;15000
Жуковский;Самара;15000
Жуковский;Ростов-на-Дону;15000
Жуковский;Волгоград;15000
Жуковский;Воронеж;15000
Жуковский;Краснодар;15000
Жуковский;Саратов;15000
Жуковский;Тольятти;15000
Жуковский;Ижевск;15000
Жуковский;Ульяновск;15000
Жуковский;Астрахань;15000
Жуковский;Набережные Челны;15000
Жуковский;Пенза;15000
Жуковский;Липецк;15000
Жуковский;Екатеринбург;15000
Жуковский;Челябинск;15000
Жуковский;Уфа;15000
Жуковский;Пермь;15000
Жуковский;Тюмень;15000
Жуковский;Махачкала;15000
Жуковский;Оренбург;15000
Жуковский;Новосибирск;15000
Жуковский;Омск;15000
Жуковский;Красноярск;15000
Жуковский;Барнаул;15000
Жуковский;Томск;15000
Жуковский;Новокузнецк;15000
Жуковский;Кемерово;15000
Жуковский;Иркутск;15000
Жуковский;Владивосток;15000
Жуковский;Хабаровск;15000
Протвино;Москва;15000
Протвино;Ярославль;15000
Протвино;Рязань;15000
Протвино;Санкт-Петербург;15000
Протвино;Казань;15000
Протвино;Нижний Новгород;15000
Протвино;Киров;15000
Протвино;Самара;15000
Протвино;Ростов-на-Дону;15000
Протвино;Волгоград;15000
Протвино;Воронеж;15000
Протвино;Краснодар;15000
Протвино;Саратов;15000
Протвино;Тольятти;15000
Протвино;Ижевск;15000
Протвино;Ульяновск;15000
Протвино;Астрахань;15000
Протвино;Набережные Челны;15000
Протвино;Пенза;15000
Протвино;Липецк;15000
Протвино;Екатеринбург;15000
Протвино;Челябинск;15000
Протвино;Уфа;15000
Протвино;Пермь;15000
Протвино;Тюмень;15000
Протвино;Махачкала;15000
Протвино;Оренбург;15000
Протвино;Новосибирск;15000
Протвино;Омск;15000
Протвино;Красноярск;15000
Протвино;Барнаул;15000
Протвино;Томск;15000
Протвино;Новокузнецк;15000
Протвино;Кемерово;15000
Протвино;Иркутск;15000
Протвино;Владивосток;15000
Протвино;Хабаровск;15000
Орел;Москва;15000
Орел;Ярославль;15000
Орел;Рязань;15000
Орел;Санкт-Петербург;15000
Орел;Казань;15000
Орел;Нижний Новгород;15000
Орел;Киров;15000
Орел;Самара;15000
Орел;Ростов-на-Дону;15000
Орел;Волгоград;15000
Орел;Воронеж;15000
Орел;Краснодар;15000
Орел;Саратов;15000
Орел;Тольятти;15000
Орел;Ижевск;15000
Орел;Ульяновск;15000
Орел;Астрахань;15000
Орел;Набережные Челны;15000
Орел;Пенза;15000
Орел;Липецк;15000
Орел;Екатеринбург;15000
Орел;Челябинск;15000
Орел;Уфа;15000
Орел;Пермь;15000
Орел;Тюмень;15000
Орел;Махачкала;15000
Орел;Оренбург;15000
Орел;Новосибирск;15000
Орел;Омск;15000
Орел;Красноярск;15000
Орел;Барнаул;15000
Орел;Томск;15000
Орел;Новокузнецк;15000
Орел;Кемерово;15000
Орел;Иркутск;15000
Орел;Владивосток;15000
Орел;Хабаровск;15000
Кузнецк;Москва;15000
Кузнецк;Ярославль;15000
Кузнецк;Рязань;15000
Кузнецк;Санкт-Петербург;15000
Кузнецк;Казань;15000
Кузнецк;Нижний Новгород;15000
Кузнецк;Киров;15000
Кузнецк;Самара;15000
Кузнецк;Ростов-на-Дону;15000
Кузнецк;Волгоград;15000
Кузнецк;Воронеж;15000
Кузнецк;Краснодар;15000
Кузнецк;Саратов;15000
Кузнецк;Тольятти;15000
Кузнецк;Ижевск;15000
Кузнецк;Ульяновск;15000
Кузнецк;Астрахань;15000
Кузнецк;Набережные Челны;15000
Кузнецк;Пенза;15000
Кузнецк;Липецк;15000
Кузнецк;Екатеринбург;15000
Кузнецк;Челябинск;15000
Кузнецк;Уфа;15000
Кузнецк;Пермь;15000
Кузнецк;Тюмень;15000
Кузнецк;Махачкала;15000
Кузнецк;Оренбург;15000
Кузнецк;Новосибирск;15000
Кузнецк;Омск;15000
Кузнецк;Красноярск;15000
Кузнецк;Барнаул;15000
Кузнецк;Томск;15000
Кузнецк;Новокузнецк;15000
Кузнецк;Кемерово;15000
Кузнецк;Иркутск;15000
Кузнецк;Владивосток;15000
Кузнецк;Хабаровск;15000
Стерлитамак;Москва;15000
Стерлитамак;Ярославль;15000
Стерлитамак;Рязань;15000
Стерлитамак;Санкт-Петербург;15000
Стерлитамак;Казань;15000
Стерлитамак;Нижний Новгород;15000
Стерлитамак;Киров;15000
Стерлитамак;Самара;15000
Стерлитамак;Ростов-на-Дону;15000
Стерлитамак;Волгоград;15000
Стерлитамак;Воронеж;15000
Стерлитамак;Краснодар;15000
Стерлитамак;Саратов;15000
Стерлитамак;Тольятти;15000
Стерлитамак;Ижевск;15000
Стерлитамак;Ульяновск;15000
Стерлитамак;Астрахань;15000
Стерлитамак;Набережные Челны;15000
Стерлитамак;Пенза;15000
Стерлитамак;Липецк;15000
Стерлитамак;Екатеринбург;15000
Стерлитамак;Челябинск;15000
Стерлитамак;Уфа;15000
Стерлитамак;Пермь;15000
Стерлитамак;Тюмень;15000
Стерлитамак;Махачкала;15000
Стерлитамак;Оренбург;15000
Стерлитамак;Новосибирск;15000
Стерлитамак;Омск;15000
Стерлитамак;Красноярск;15000
Стерлитамак;Барнаул;15000
Стерлитамак;Томск;15000
Стерлитамак;Новокузнецк;15000
Стерлитамак;Кемерово;15000
Стерлитамак;Иркутск;15000
Стерлитамак;Владивосток;15000
Стерлитамак;Хабаровск;15000
Донецк;Москва;15000
Донецк;Ярославль;15000
Донецк;Рязань;15000
Донецк;Санкт-Петербург;15000
Донецк;Казань;15000
Донецк;Нижний Новгород;15000
Донецк;Киров;15000
Донецк;Самара;15000
Донецк;Ростов-на-Дону;15000
Донецк;Волгоград;15000
Донецк;Воронеж;15000
Донецк;Краснодар;15000
Донецк;Саратов;15000
Донецк;Тольятти;15000
Донецк;Ижевск;15000
Донецк;Ульяновск;15000
Донецк;Астрахань;15000
Донецк;Набережные Челны;15000
Донецк;Пенза;15000
Донецк;Липецк;15000
Донецк;Екатеринбург;15000
Донецк;Челябинск;15000
Донецк;Уфа;15000
Донецк;Пермь;15000
Донецк;Тюмень;15000
Донецк;Махачкала;15000
Донецк;Оренбург;15000
Донецк;Новосибирск;15000
Донецк;Омск;15000
Донецк;Красноярск;15000
Донецк;Барнаул;15000
Донецк;Томск;15000
Донецк;Новокузнецк;15000
Донецк;Кемерово;15000
Донецк;Иркутск;15000
Донецк;Владивосток;15000
Донецк;Хабаровск;15000
Энгельс;Москва;15000
Энгельс;Ярославль;15000
Энгельс;Рязань;15000
Энгельс;Санкт-Петербург;15000
Энгельс;Казань;15000
Энгельс;Нижний Новгород;15000
Энгельс;Киров;15000
Энгельс;Самара;15000
Энгельс;Ростов-на-Дону;15000
Энгельс;Волгоград;15000
Энгельс;Воронеж;15000
Энгельс;Краснодар;15000
Энгельс;Саратов;15000
Энгельс;Тольятти;15000
Энгельс;Ижевск;15000
Энгельс;Ульяновск;15000
Энгельс;Астрахань;15000
Энгельс;Набережные Челны;15000
Энгельс;Пенза;15000
Энгельс;Липецк;15000
Энгельс;Екатеринбург;15000
Энгельс;Челябинск;15000
Энгельс;Уфа;15000
Энгельс;Пермь;15000
Энгельс;Тюмень;15000
Энгельс;Махачкала;15000
Энгельс;Оренбург;15000
Энгельс;Новосибирск;15000
Энгельс;Омск;15000
Энгельс;Красноярск;15000
Энгельс;Барнаул;15000
Энгельс;Томск;15000
Энгельс;Новокузнецк;15000
Энгельс;Кемерово;15000
Энгельс;Иркутск;15000
Энгельс;Владивосток;15000
Энгельс;Хабаровск;15000
Балаково;Москва;15000
Балаково;Ярославль;15000
Балаково;Рязань;15000
Балаково;Санкт-Петербург;15000
Балаково;Казань;15000
Балаково;Нижний Новгород;15000
Балаково;Киров;15000
Балаково;Самара;15000
Балаково;Ростов-на-Дону;15000
Балаково;Волгоград;15000
Балаково;Воронеж;15000
Балаково;Краснодар;15000
Балаково;Саратов;15000
Балаково;Тольятти;15000
Балаково;Ижевск;15000
Балаково;Ульяновск;15000
Балаково;Астрахань;15000
Балаково;Набережные Челны;15000
Балаково;Пенза;15000
Балаково;Липецк;15000
Балаково;Екатеринбург;15000
Балаково;Челябинск;15000
Балаково;Уфа;15000
Балаково;Пермь;15000
Балаково;Тюмень;15000
Балаково;Махачкала;15000
Балаково;Оренбург;15000
Балаково;Новосибирск;15000
Балаково;Омск;15000
Балаково;Красноярск;15000
Балаково;Барнаул;15000
Балаково;Томск;15000
Балаково;Новокузнецк;15000
Балаково;Кемерово;15000
Балаково;Иркутск;15000
Балаково;Владивосток;15000
Балаково;Хабаровск;15000
Смоленск;Москва;15000
Смоленск;Ярославль;15000
Смоленск;Рязань;15000
Смоленск;Санкт-Петербург;15000
Смоленск;Казань;15000
Смоленск;Нижний Новгород;15000
Смоленск;Киров;15000
Смоленск;Самара;15000
Смоленск;Ростов-на-Дону;15000
Смоленск;Волгоград;15000
Смоленск;Воронеж;15000
Смоленск;Краснодар;15000
Смоленск;Саратов;15000
Смоленск;Тольятти;15000
Смоленск;Ижевск;15000
Смоленск;Ульяновск;15000
Смоленск;Астрахань;15000
Смоленск;Набережные Челны;15000
Смоленск;Пенза;15000
Смоленск;Липецк;15000
Смоленск;Екатеринбург;15000
Смоленск;Челябинск;15000
Смоленск;Уфа;15000
Смоленск;Пермь;15000
Смоленск;Тюмень;15000
Смоленск;Махачкала;15000
Смоленск;Оренбург;15000
Смоленск;Новосибирск;15000
Смоленск;Омск;15000
Смоленск;Красноярск;15000
Смоленск;Барнаул;15000
Смоленск;Томск;15000
Смоленск;Новокузнецк;15000
Смоленск;Кемерово;15000
Смоленск;Иркутск;15000
Смоленск;Владивосток;15000
Смоленск;Хабаровск;15000
Чистополь;Москва;15000
Чистополь;Ярославль;15000
Чистополь;Рязань;15000
Чистополь;Санкт-Петербург;15000
Чистополь;Казань;15000
Чистополь;Нижний Новгород;15000
Чистополь;Киров;15000
Чистополь;Самара;15000
Чистополь;Ростов-на-Дону;15000
Чистополь;Волгоград;15000
Чистополь;Воронеж;15000
Чистополь;Краснодар;15000
Чистополь;Саратов;15000
Чистополь;Тольятти;15000
Чистополь;Ижевск;15000
Чистополь;Ульяновск;15000
Чистополь;Астрахань;15000
Чистополь;Набережные Челны;15000
Чистополь;Пенза;15000
Чистополь;Липецк;15000
Чистополь;Екатеринбург;15000
Чистополь;Челябинск;15000
Чистополь;Уфа;15000
Чистополь;Пермь;15000
Чистополь;Тюмень;15000
Чистополь;Махачкала;15000
Чистополь;Оренбург;15000
Чистополь;Новосибирск;15000
Чистополь;Омск;15000
Чистополь;Красноярск;15000
Чистополь;Барнаул;15000
Чистополь;Томск;15000
Чистополь;Новокузнецк;15000
Чистополь;Кемерово;15000
Чистополь;Иркутск;15000
Чистополь;Владивосток;15000
Чистополь;Хабаровск;15000
Тверь;Москва;15000
Тверь;Ярославль;15000
Тверь;Рязань;15000
Тверь;Санкт-Петербург;15000
Тверь;Казань;15000
Тверь;Нижний Новгород;15000
Тверь;Киров;15000
Тверь;Самара;15000
Тверь;Ростов-на-Дону;15000
Тверь;Волгоград;15000
Тверь;Воронеж;15000
Тверь;Краснодар;15000
Тверь;Саратов;15000
Тверь;Тольятти;15000
Тверь;Ижевск;15000
Тверь;Ульяновск;15000
Тверь;Астрахань;15000
Тверь;Набережные Челны;15000
Тверь;Пенза;15000
Тверь;Липецк;15000
Тверь;Екатеринбург;15000
Тверь;Челябинск;15000
Тверь;Уфа;15000
Тверь;Пермь;15000
Тверь;Тюмень;15000
Тверь;Махачкала;15000
Тверь;Оренбург;15000
Тверь;Новосибирск;15000
Тверь;Омск;15000
Тверь;Красноярск;15000
Тверь;Барнаул;15000
Тверь;Томск;15000
Тверь;Новокузнецк;15000
Тверь;Кемерово;15000
Тверь;Иркутск;15000
Тверь;Владивосток;15000
Тверь;Хабаровск;15000
Тула;Москва;15000
Тула;Ярославль;15000
Тула;Рязань;15000
Тула;Санкт-Петербург;15000
Тула;Казань;15000
Тула;Нижний Новгород;15000
Тула;Киров;15000
Тула;Самара;15000
Тула;Ростов-на-Дону;15000
Тула;Волгоград;15000
Тула;Воронеж;15000
Тула;Краснодар;15000
Тула;Саратов;15000
Тула;Тольятти;15000
Тула;Ижевск;15000
Тула;Ульяновск;15000
Тула;Астрахань;15000
Тула;Набережные Челны;15000
Тула;Пенза;15000
Тула;Липецк;15000
Тула;Екатеринбург;15000
Тула;Челябинск;15000
Тула;Уфа;15000
Тула;Пермь;15000
Тула;Тюмень;15000
Тула;Махачкала;15000
Тула;Оренбург;15000
Тула;Новосибирск;15000
Тула;Омск;15000
Тула;Красноярск;15000
Тула;Барнаул;15000
Тула;Томск;15000
Тула;Новокузнецк;15000
Тула;Кемерово;15000
Тула;Иркутск;15000
Тула;Владивосток;15000
Тула;Хабаровск;15000
Новомоссковск;Москва;15000
Новомоссковск;Ярославль;15000
Новомоссковск;Рязань;15000
Новомоссковск;Санкт-Петербург;15000
Новомоссковск;Казань;15000
Новомоссковск;Нижний Новгород;15000
Новомоссковск;Киров;15000
Новомоссковск;Самара;15000
Новомоссковск;Ростов-на-Дону;15000
Новомоссковск;Волгоград;15000
Новомоссковск;Воронеж;15000
Новомоссковск;Краснодар;15000
Новомоссковск;Саратов;15000
Новомоссковск;Тольятти;15000
Новомоссковск;Ижевск;15000
Новомоссковск;Ульяновск;15000
Новомоссковск;Астрахань;15000
Новомоссковск;Набережные Челны;15000
Новомоссковск;Пенза;15000
Новомоссковск;Липецк;15000
Новомоссковск;Екатеринбург;15000
Новомоссковск;Челябинск;15000
Новомоссковск;Уфа;15000
Новомоссковск;Пермь;15000
Новомоссковск;Тюмень;15000
Новомоссковск;Махачкала;15000
Новомоссковск;Оренбург;15000
Новомоссковск;Новосибирск;15000
Новомоссковск;Омск;15000
Новомоссковск;Красноярск;15000
Новомоссковск;Барнаул;15000
Новомоссковск;Томск;15000
Новомоссковск;Новокузнецк;15000
Новомоссковск;Кемерово;15000
Новомоссковск;Иркутск;15000
Новомоссковск;Владивосток;15000
Новомоссковск;Хабаровск;15000
Димитровград;Москва;15000
Димитровград;Ярославль;15000
Димитровград;Рязань;15000
Димитровград;Санкт-Петербург;15000
Димитровград;Казань;15000
Димитровград;Нижний Новгород;15000
Димитровград;Киров;15000
Димитровград;Самара;15000
Димитровград;Ростов-на-Дону;15000
Димитровград;Волгоград;15000
Димитровград;Воронеж;15000
Димитровград;Краснодар;15000
Димитровград;Саратов;15000
Димитровград;Тольятти;15000
Димитровград;Ижевск;15000
Димитровград;Ульяновск;15000
Димитровград;Астрахань;15000
Димитровград;Набережные Челны;15000
Димитровград;Пенза;15000
Димитровград;Липецк;15000
Димитровград;Екатеринбург;15000
Димитровград;Челябинск;15000
Димитровград;Уфа;15000
Димитровград;Пермь;15000
Димитровград;Тюмень;15000
Димитровград;Махачкала;15000
Димитровград;Оренбург;15000
Димитровград;Новосибирск;15000
Димитровград;Омск;15000
Димитровград;Красноярск;15000
Димитровград;Барнаул;15000
Димитровград;Томск;15000
Димитровград;Новокузнецк;15000
Димитровград;Кемерово;15000
Димитровград;Иркутск;15000
Димитровград;Владивосток;15000
Димитровград;Хабаровск;15000
Троицк;Москва;15000
Троицк;Ярославль;15000
Троицк;Рязань;15000
Троицк;Санкт-Петербург;15000
Троицк;Казань;15000
Троицк;Нижний Новгород;15000
Троицк;Киров;15000
Троицк;Самара;15000
Троицк;Ростов-на-Дону;15000
Троицк;Волгоград;15000
Троицк;Воронеж;15000
Троицк;Краснодар;15000
Троицк;Саратов;15000
Троицк;Тольятти;15000
Троицк;Ижевск;15000
Троицк;Ульяновск;15000
Троицк;Астрахань;15000
Троицк;Набережные Челны;15000
Троицк;Пенза;15000
Троицк;Липецк;15000
Троицк;Екатеринбург;15000
Троицк;Челябинск;15000
Троицк;Уфа;15000
Троицк;Пермь;15000
Троицк;Тюмень;15000
Троицк;Махачкала;15000
Троицк;Оренбург;15000
Троицк;Новосибирск;15000
Троицк;Омск;15000
Троицк;Красноярск;15000
Троицк;Барнаул;15000
Троицк;Томск;15000
Троицк;Новокузнецк;15000
Троицк;Кемерово;15000
Троицк;Иркутск;15000
Троицк;Владивосток;15000
Троицк;Хабаровск;15000
Чебоксары;Москва;15000
Чебоксары;Ярославль;15000
Чебоксары;Рязань;15000
Чебоксары;Санкт-Петербург;15000
Чебоксары;Казань;15000
Чебоксары;Нижний Новгород;15000
Чебоксары;Киров;15000
Чебоксары;Самара;15000
Чебоксары;Ростов-на-Дону;15000
Чебоксары;Волгоград;15000
Чебоксары;Воронеж;15000
Чебоксары;Краснодар;15000
Чебоксары;Саратов;15000
Чебоксары;Тольятти;15000
Чебоксары;Ижевск;15000
Чебоксары;Ульяновск;15000
Чебоксары;Астрахань;15000
Чебоксары;Набережные Челны;15000
Чебоксары;Пенза;15000
Чебоксары;Липецк;15000
Чебоксары;Екатеринбург;15000
Чебоксары;Челябинск;15000
Чебоксары;Уфа;15000
Чебоксары;Пермь;15000
Чебоксары;Тюмень;15000
Чебоксары;Махачкала;15000
Чебоксары;Оренбург;15000
Чебоксары;Новосибирск;15000
Чебоксары;Омск;15000
Чебоксары;Красноярск;15000
Чебоксары;Барнаул;15000
Чебоксары;Томск;15000
Чебоксары;Новокузнецк;15000
Чебоксары;Кемерово;15000
Чебоксары;Иркутск;15000
Чебоксары;Владивосток;15000
Чебоксары;Хабаровск;15000
Корсаков;Москва;15000
Корсаков;Ярославль;15000
Корсаков;Рязань;15000
Корсаков;Санкт-Петербург;15000
Корсаков;Казань;15000
Корсаков;Нижний Новгород;15000
Корсаков;Киров;15000
Корсаков;Самара;15000
Корсаков;Ростов-на-Дону;15000
Корсаков;Волгоград;15000
Корсаков;Воронеж;15000
Корсаков;Краснодар;15000
Корсаков;Саратов;15000
Корсаков;Тольятти;15000
Корсаков;Ижевск;15000
Корсаков;Ульяновск;15000
Корсаков;Астрахань;15000
Корсаков;Набережные Челны;15000
Корсаков;Пенза;15000
Корсаков;Липецк;15000
Корсаков;Екатеринбург;15000
Корсаков;Челябинск;15000
Корсаков;Уфа;15000
Корсаков;Пермь;15000
Корсаков;Тюмень;15000
Корсаков;Махачкала;15000
Корсаков;Оренбург;15000
Корсаков;Новосибирск;15000
Корсаков;Омск;15000
Корсаков;Красноярск;15000
Корсаков;Барнаул;15000
Корсаков;Томск;15000
Корсаков;Новокузнецк;15000
Корсаков;Кемерово;15000
Корсаков;Иркутск;15000
Корсаков;Владивосток;15000
Корсаков;Хабаровск;15000
Благовещенск;Москва;15000
Благовещенск;Ярославль;15000
Благовещенск;Рязань;15000
Благовещенск;Санкт-Петербург;15000
Благовещенск;Казань;15000
Благовещенск;Нижний Новгород;15000
Благовещенск;Киров;15000
Благовещенск;Самара;15000
Благовещенск;Ростов-на-Дону;15000
Благовещенск;Волгоград;15000
Благовещенск;Воронеж;15000
Благовещенск;Краснодар;15000
Благовещенск;Саратов;15000
Благовещенск;Тольятти;15000
Благовещенск;Ижевск;15000
Благовещенск;Ульяновск;15000
Благовещенск;Астрахань;15000
Благовещенск;Набережные Челны;15000
Благовещенск;Пенза;15000
Благовещенск;Липецк;15000
Благовещенск;Екатеринбург;15000
Благовещенск;Челябинск;15000
Благовещенск;Уфа;15000
Благовещенск;Пермь;15000
Благовещенск;Тюмень;15000
Благовещенск;Махачкала;15000
Благовещенск;Оренбург;15000
Благовещенск;Новосибирск;15000
Благовещенск;Омск;15000
Благовещенск;Красноярск;15000
Благовещенск;Барнаул;15000
Благовещенск;Томск;15000
Благовещенск;Новокузнецк;15000
Благовещенск;Кемерово;15000
Благовещенск;Иркутск;15000
Благовещенск;Владивосток;15000
Благовещенск;Хабаровск;15000